-- phpMyAdmin SQL Dump
-- version 5.0.1
-- https://www.phpmyadmin.net/
--
-- Host: localhost
-- Generation Time: Jul 07, 2021 at 02:36 PM
-- Server version: 10.4.11-MariaDB
-- PHP Version: 7.3.14

SET SQL_MODE = "NO_AUTO_VALUE_ON_ZERO";
SET AUTOCOMMIT = 0;
START TRANSACTION;
SET time_zone = "+00:00";


/*!40101 SET @OLD_CHARACTER_SET_CLIENT=@@CHARACTER_SET_CLIENT */;
/*!40101 SET @OLD_CHARACTER_SET_RESULTS=@@CHARACTER_SET_RESULTS */;
/*!40101 SET @OLD_COLLATION_CONNECTION=@@COLLATION_CONNECTION */;
/*!40101 SET NAMES utf8mb4 */;

--
-- Database: `siasem`
--

-- --------------------------------------------------------

--
-- Table structure for table `t_acara`
--

CREATE TABLE `t_acara` (
  `id` int(11) NOT NULL,
  `nama` varchar(255) NOT NULL,
  `start` date NOT NULL,
  `end` date NOT NULL,
  `status` enum('aktif','nonaktif','hapus') NOT NULL DEFAULT 'aktif',
  `date_created` date DEFAULT NULL,
  `time_created` time DEFAULT NULL,
  `date_updated` date DEFAULT NULL,
  `time_updated` time DEFAULT NULL
) ENGINE=InnoDB DEFAULT CHARSET=utf8mb4;

--
-- Dumping data for table `t_acara`
--

INSERT INTO `t_acara` (`id`, `nama`, `start`, `end`, `status`, `date_created`, `time_created`, `date_updated`, `time_updated`) VALUES
(1, 'Penerimaan Mahasiswa Baru Jalur SBMPTN UNSRI 2021', '2021-06-19', '2021-07-31', 'aktif', '2021-06-19', '20:52:55', NULL, NULL),
(2, 'Penerimaan Mahasiswa Baru Jalur USM UNSRI 2021', '2021-06-20', '2021-06-25', 'aktif', '2021-06-19', '20:52:54', NULL, NULL),
(4, 'Test Edit', '2021-06-19', '2021-06-21', 'nonaktif', '2021-06-19', '21:57:03', '2021-06-19', '22:18:16');

-- --------------------------------------------------------

--
-- Table structure for table `t_answer`
--

CREATE TABLE `t_answer` (
  `id` int(11) NOT NULL,
  `iduser` int(11) NOT NULL,
  `idsoal` int(11) NOT NULL,
  `jawab` int(11) NOT NULL,
  `idacara` int(11) NOT NULL,
  `date_created` date DEFAULT NULL,
  `date_updated` date DEFAULT NULL,
  `time_created` time DEFAULT NULL,
  `time_updated` time DEFAULT NULL
) ENGINE=InnoDB DEFAULT CHARSET=utf8mb4;

--
-- Dumping data for table `t_answer`
--

INSERT INTO `t_answer` (`id`, `iduser`, `idsoal`, `jawab`, `idacara`, `date_created`, `date_updated`, `time_created`, `time_updated`) VALUES
(1, 1, 1, 4, 1, NULL, NULL, NULL, NULL),
(2, 1, 2, 3, 1, NULL, NULL, NULL, NULL),
(3, 1, 3, 4, 1, NULL, NULL, NULL, NULL),
(4, 1, 4, 4, 1, NULL, NULL, NULL, NULL),
(5, 1, 5, 3, 1, NULL, NULL, NULL, NULL),
(6, 1, 6, 2, 1, NULL, NULL, NULL, NULL),
(7, 1, 7, 4, 1, NULL, NULL, NULL, NULL),
(8, 1, 8, 4, 1, NULL, NULL, NULL, NULL),
(9, 1, 9, 3, 1, NULL, NULL, NULL, NULL),
(10, 1, 10, 2, 1, NULL, NULL, NULL, NULL),
(11, 1, 11, 4, 1, NULL, NULL, NULL, NULL),
(12, 1, 12, 4, 1, NULL, NULL, NULL, NULL),
(13, 1, 13, 3, 1, NULL, NULL, NULL, NULL),
(14, 1, 14, 2, 1, NULL, NULL, NULL, NULL),
(15, 1, 15, 4, 1, NULL, NULL, NULL, NULL),
(16, 1, 16, 4, 1, NULL, NULL, NULL, NULL),
(17, 1, 17, 3, 1, NULL, NULL, NULL, NULL),
(18, 1, 18, 2, 1, NULL, NULL, NULL, NULL),
(19, 1, 19, 4, 1, NULL, NULL, NULL, NULL),
(20, 1, 20, 4, 1, NULL, NULL, NULL, NULL),
(21, 1, 21, 3, 1, NULL, NULL, NULL, NULL),
(22, 1, 22, 2, 1, NULL, NULL, NULL, NULL),
(23, 1, 23, 4, 1, NULL, NULL, NULL, NULL),
(24, 1, 24, 4, 1, NULL, NULL, NULL, NULL),
(25, 1, 25, 3, 1, NULL, NULL, NULL, NULL),
(26, 1, 26, 2, 1, NULL, NULL, NULL, NULL),
(27, 1, 27, 4, 1, NULL, NULL, NULL, NULL),
(28, 1, 28, 4, 1, NULL, NULL, NULL, NULL),
(29, 1, 29, 3, 1, NULL, NULL, NULL, NULL),
(30, 1, 30, 2, 1, NULL, NULL, NULL, NULL),
(31, 1, 31, 4, 1, NULL, NULL, NULL, NULL),
(32, 1, 32, 4, 1, NULL, NULL, NULL, NULL),
(33, 1, 33, 3, 1, NULL, NULL, NULL, NULL),
(34, 1, 34, 2, 1, NULL, NULL, NULL, NULL),
(35, 1, 35, 4, 1, NULL, NULL, NULL, NULL),
(36, 1, 36, 4, 1, NULL, NULL, NULL, NULL),
(37, 1, 37, 3, 1, NULL, NULL, NULL, NULL),
(38, 1, 38, 2, 1, NULL, NULL, NULL, NULL),
(39, 1, 39, 4, 1, NULL, NULL, NULL, NULL),
(40, 1, 40, 4, 1, NULL, NULL, NULL, NULL),
(41, 1, 41, 3, 1, NULL, NULL, NULL, NULL),
(42, 1, 42, 2, 1, NULL, NULL, NULL, NULL),
(43, 1, 43, 4, 1, NULL, NULL, NULL, NULL),
(44, 1, 44, 4, 1, NULL, NULL, NULL, NULL),
(45, 1, 45, 3, 1, NULL, NULL, NULL, NULL),
(46, 1, 46, 2, 1, NULL, NULL, NULL, NULL),
(47, 1, 47, 4, 1, NULL, NULL, NULL, NULL),
(48, 1, 48, 4, 1, NULL, NULL, NULL, NULL),
(49, 1, 49, 3, 1, NULL, NULL, NULL, NULL),
(50, 1, 50, 2, 1, NULL, NULL, NULL, NULL),
(51, 1, 51, 4, 1, NULL, NULL, NULL, NULL),
(52, 1, 52, 4, 1, NULL, NULL, NULL, NULL),
(53, 1, 53, 3, 1, NULL, NULL, NULL, NULL),
(54, 1, 54, 2, 1, NULL, NULL, NULL, NULL),
(55, 1, 55, 4, 1, NULL, NULL, NULL, NULL),
(56, 1, 56, 4, 1, NULL, NULL, NULL, NULL),
(57, 1, 57, 3, 1, NULL, NULL, NULL, NULL),
(58, 1, 58, 2, 1, NULL, NULL, NULL, NULL),
(59, 1, 59, 4, 1, NULL, NULL, NULL, NULL),
(60, 1, 60, 4, 1, NULL, NULL, NULL, NULL),
(61, 1, 61, 3, 1, NULL, NULL, NULL, NULL),
(62, 1, 62, 2, 1, NULL, NULL, NULL, NULL),
(63, 1, 63, 4, 1, NULL, NULL, NULL, NULL),
(64, 1, 64, 4, 1, NULL, NULL, NULL, NULL),
(65, 1, 65, 3, 1, NULL, NULL, NULL, NULL),
(66, 1, 66, 2, 1, NULL, NULL, NULL, NULL),
(67, 1, 67, 4, 1, NULL, NULL, NULL, NULL),
(68, 1, 68, 3, 1, NULL, NULL, NULL, NULL),
(69, 1, 69, 2, 1, NULL, NULL, NULL, NULL),
(70, 1, 70, 4, 1, NULL, NULL, NULL, NULL),
(71, 1, 71, 4, 1, NULL, NULL, NULL, NULL),
(72, 1, 72, 3, 1, NULL, NULL, NULL, NULL),
(73, 1, 73, 2, 1, NULL, NULL, NULL, NULL),
(74, 1, 74, 4, 1, NULL, NULL, NULL, NULL),
(75, 1, 75, 4, 1, NULL, NULL, NULL, NULL),
(76, 1, 76, 3, 1, NULL, NULL, NULL, NULL),
(77, 1, 77, 2, 1, NULL, NULL, NULL, NULL),
(78, 1, 78, 4, 1, NULL, NULL, NULL, NULL),
(79, 1, 79, 4, 1, NULL, NULL, NULL, NULL),
(80, 1, 80, 3, 1, NULL, NULL, NULL, NULL),
(81, 1, 81, 2, 1, NULL, NULL, NULL, NULL),
(82, 1, 82, 4, 1, NULL, NULL, NULL, NULL),
(83, 1, 83, 4, 1, NULL, NULL, NULL, NULL),
(84, 1, 84, 3, 1, NULL, NULL, NULL, NULL),
(85, 1, 85, 2, 1, NULL, NULL, NULL, NULL),
(86, 1, 86, 4, 1, NULL, NULL, NULL, NULL),
(87, 1, 87, 4, 1, NULL, NULL, NULL, NULL),
(88, 1, 88, 3, 1, NULL, NULL, NULL, NULL),
(89, 1, 89, 2, 1, NULL, NULL, NULL, NULL),
(90, 1, 90, 4, 1, NULL, NULL, NULL, NULL),
(91, 1, 91, 4, 1, NULL, NULL, NULL, NULL),
(92, 1, 92, 3, 1, NULL, NULL, NULL, NULL),
(93, 1, 93, 2, 1, NULL, NULL, NULL, NULL),
(94, 1, 94, 4, 1, NULL, NULL, NULL, NULL),
(95, 1, 95, 4, 1, NULL, NULL, NULL, NULL),
(96, 1, 96, 3, 1, NULL, NULL, NULL, NULL),
(97, 1, 97, 2, 1, NULL, NULL, NULL, NULL),
(98, 1, 98, 4, 1, NULL, NULL, NULL, NULL),
(99, 1, 99, 3, 1, NULL, NULL, NULL, NULL),
(100, 1, 100, 2, 1, NULL, NULL, NULL, NULL),
(101, 1, 101, 4, 1, NULL, NULL, NULL, NULL),
(102, 1, 102, 4, 1, NULL, NULL, NULL, NULL),
(103, 1, 103, 3, 1, NULL, NULL, NULL, NULL),
(104, 1, 104, 2, 1, NULL, NULL, NULL, NULL),
(105, 1, 105, 4, 1, NULL, NULL, NULL, NULL),
(106, 1, 106, 4, 1, NULL, NULL, NULL, NULL),
(107, 1, 107, 3, 1, NULL, NULL, NULL, NULL),
(108, 1, 108, 2, 1, NULL, NULL, NULL, NULL),
(109, 1, 109, 4, 1, NULL, NULL, NULL, NULL),
(110, 1, 110, 4, 1, NULL, NULL, NULL, NULL),
(111, 1, 111, 3, 1, NULL, NULL, NULL, NULL),
(112, 1, 112, 2, 1, NULL, NULL, NULL, NULL),
(113, 1, 113, 4, 1, NULL, NULL, NULL, NULL),
(114, 1, 114, 4, 1, NULL, NULL, NULL, NULL),
(115, 1, 115, 3, 1, NULL, NULL, NULL, NULL),
(116, 1, 116, 2, 1, NULL, NULL, NULL, NULL),
(117, 1, 117, 4, 1, NULL, NULL, NULL, NULL),
(118, 1, 118, 4, 1, NULL, NULL, NULL, NULL),
(119, 1, 119, 3, 1, NULL, NULL, NULL, NULL),
(120, 1, 120, 2, 1, NULL, NULL, NULL, NULL),
(121, 1, 121, 4, 1, NULL, NULL, NULL, NULL),
(122, 1, 122, 4, 1, NULL, NULL, NULL, NULL),
(123, 1, 123, 3, 1, NULL, NULL, NULL, NULL),
(124, 1, 124, 2, 1, NULL, NULL, NULL, NULL),
(125, 1, 125, 4, 1, NULL, NULL, NULL, NULL),
(126, 1, 126, 4, 1, NULL, NULL, NULL, NULL),
(127, 1, 127, 3, 1, NULL, NULL, NULL, NULL),
(128, 1, 128, 2, 1, NULL, NULL, NULL, NULL),
(129, 1, 129, 4, 1, NULL, NULL, NULL, NULL),
(130, 1, 130, 3, 1, NULL, NULL, NULL, NULL),
(131, 1, 131, 2, 1, NULL, NULL, NULL, NULL),
(132, 1, 132, 4, 1, NULL, NULL, NULL, NULL),
(133, 1, 133, 4, 1, NULL, NULL, NULL, NULL),
(134, 1, 134, 3, 1, NULL, NULL, NULL, NULL),
(135, 1, 135, 2, 1, NULL, NULL, NULL, NULL),
(136, 1, 136, 4, 1, NULL, NULL, NULL, NULL),
(137, 1, 137, 4, 1, NULL, NULL, NULL, NULL),
(138, 1, 138, 3, 1, NULL, NULL, NULL, NULL),
(139, 1, 139, 2, 1, NULL, NULL, NULL, NULL),
(140, 1, 140, 4, 1, NULL, NULL, NULL, NULL),
(141, 1, 141, 4, 1, NULL, NULL, NULL, NULL),
(142, 1, 142, 3, 1, NULL, NULL, NULL, NULL),
(143, 1, 143, 2, 1, NULL, NULL, NULL, NULL),
(144, 1, 144, 4, 1, NULL, NULL, NULL, NULL),
(145, 1, 145, 4, 1, NULL, NULL, NULL, NULL),
(146, 1, 146, 3, 1, NULL, NULL, NULL, NULL),
(147, 1, 147, 2, 1, NULL, NULL, NULL, NULL),
(148, 1, 148, 4, 1, NULL, NULL, NULL, NULL),
(149, 1, 149, 4, 1, NULL, NULL, NULL, NULL),
(150, 1, 150, 3, 1, NULL, NULL, NULL, NULL),
(151, 1, 151, 2, 1, NULL, NULL, NULL, NULL),
(152, 1, 152, 4, 1, NULL, NULL, NULL, NULL),
(153, 1, 153, 4, 1, NULL, NULL, NULL, NULL),
(154, 1, 154, 3, 1, NULL, NULL, NULL, NULL),
(155, 1, 155, 2, 1, NULL, NULL, NULL, NULL),
(156, 1, 156, 4, 1, NULL, NULL, NULL, NULL),
(157, 1, 157, 4, 1, NULL, NULL, NULL, NULL),
(158, 1, 158, 3, 1, NULL, NULL, NULL, NULL),
(159, 1, 159, 2, 1, NULL, NULL, NULL, NULL),
(160, 1, 160, 4, 1, NULL, NULL, NULL, NULL),
(161, 1, 161, 3, 1, NULL, NULL, NULL, NULL),
(162, 1, 162, 2, 1, NULL, NULL, NULL, NULL),
(163, 1, 163, 4, 1, NULL, NULL, NULL, NULL),
(164, 1, 164, 4, 1, NULL, NULL, NULL, NULL),
(165, 1, 165, 3, 1, NULL, NULL, NULL, NULL),
(166, 1, 166, 2, 1, NULL, NULL, NULL, NULL),
(167, 1, 167, 4, 1, NULL, NULL, NULL, NULL),
(168, 1, 168, 4, 1, NULL, NULL, NULL, NULL),
(169, 1, 169, 3, 1, NULL, NULL, NULL, NULL),
(170, 1, 170, 2, 1, NULL, NULL, NULL, NULL),
(171, 1, 171, 4, 1, NULL, NULL, NULL, NULL),
(172, 1, 172, 4, 1, NULL, NULL, NULL, NULL),
(173, 1, 173, 3, 1, NULL, NULL, NULL, NULL),
(174, 1, 174, 2, 1, NULL, NULL, NULL, NULL),
(175, 1, 175, 4, 1, NULL, NULL, NULL, NULL),
(176, 1, 176, 4, 1, NULL, NULL, NULL, NULL),
(177, 1, 177, 3, 1, NULL, NULL, NULL, NULL),
(178, 1, 178, 2, 1, NULL, NULL, NULL, NULL),
(179, 1, 179, 4, 1, NULL, NULL, NULL, NULL),
(180, 1, 180, 4, 1, NULL, NULL, NULL, NULL),
(181, 1, 181, 3, 1, NULL, NULL, NULL, NULL),
(182, 1, 182, 2, 1, NULL, NULL, NULL, NULL),
(183, 1, 183, 4, 1, NULL, NULL, NULL, NULL),
(184, 1, 184, 4, 1, NULL, NULL, NULL, NULL),
(185, 1, 185, 3, 1, NULL, NULL, NULL, NULL),
(186, 1, 186, 2, 1, NULL, NULL, NULL, NULL),
(187, 1, 187, 4, 1, NULL, NULL, NULL, NULL),
(188, 1, 188, 4, 1, NULL, NULL, NULL, NULL),
(189, 1, 189, 3, 1, NULL, NULL, NULL, NULL),
(190, 1, 190, 2, 1, NULL, NULL, NULL, NULL),
(191, 1, 191, 2, 1, NULL, NULL, NULL, NULL),
(192, 2, 1, 4, 1, NULL, NULL, NULL, NULL),
(193, 2, 2, 2, 1, NULL, NULL, NULL, NULL),
(194, 2, 3, 1, 1, NULL, NULL, NULL, NULL),
(195, 2, 4, 4, 1, NULL, NULL, NULL, NULL),
(196, 2, 5, 3, 1, NULL, NULL, NULL, NULL),
(197, 2, 6, 2, 1, NULL, NULL, NULL, NULL),
(198, 2, 7, 1, 1, NULL, NULL, NULL, NULL),
(199, 2, 8, 4, 1, NULL, NULL, NULL, NULL),
(200, 2, 9, 3, 1, NULL, NULL, NULL, NULL),
(201, 2, 10, 2, 1, NULL, NULL, NULL, NULL),
(202, 2, 11, 4, 1, NULL, NULL, NULL, NULL),
(203, 2, 12, 4, 1, NULL, NULL, NULL, NULL),
(204, 2, 13, 3, 1, NULL, NULL, NULL, NULL),
(205, 2, 14, 2, 1, NULL, NULL, NULL, NULL),
(206, 2, 15, 4, 1, NULL, NULL, NULL, NULL),
(207, 2, 16, 4, 1, NULL, NULL, NULL, NULL),
(208, 2, 17, 4, 1, NULL, NULL, NULL, NULL),
(209, 2, 18, 2, 1, NULL, NULL, NULL, NULL),
(210, 2, 19, 4, 1, NULL, NULL, NULL, NULL),
(211, 2, 20, 4, 1, NULL, NULL, NULL, NULL),
(212, 2, 21, 3, 1, NULL, NULL, NULL, NULL),
(213, 2, 22, 2, 1, NULL, NULL, NULL, NULL),
(214, 2, 23, 4, 1, NULL, NULL, NULL, NULL),
(215, 2, 24, 4, 1, NULL, NULL, NULL, NULL),
(216, 2, 25, 3, 1, NULL, NULL, NULL, NULL),
(217, 2, 26, 2, 1, NULL, NULL, NULL, NULL),
(218, 2, 27, 4, 1, NULL, NULL, NULL, NULL),
(219, 2, 28, 4, 1, NULL, NULL, NULL, NULL),
(220, 2, 29, 3, 1, NULL, NULL, NULL, NULL),
(221, 2, 30, 2, 1, NULL, NULL, NULL, NULL),
(247, 2, 56, 4, 1, NULL, NULL, NULL, NULL),
(248, 2, 57, 3, 1, NULL, NULL, NULL, NULL),
(249, 2, 58, 2, 1, NULL, NULL, NULL, NULL),
(250, 2, 59, 4, 1, NULL, NULL, NULL, NULL),
(251, 2, 60, 4, 1, NULL, NULL, NULL, NULL),
(252, 2, 61, 3, 1, NULL, NULL, NULL, NULL),
(253, 2, 62, 2, 1, NULL, NULL, NULL, NULL),
(254, 2, 63, 4, 1, NULL, NULL, NULL, NULL),
(255, 2, 64, 4, 1, NULL, NULL, NULL, NULL),
(256, 2, 65, 3, 1, NULL, NULL, NULL, NULL),
(257, 2, 66, 2, 1, NULL, NULL, NULL, NULL),
(258, 2, 67, 4, 1, NULL, NULL, NULL, NULL),
(259, 2, 68, 3, 1, NULL, NULL, NULL, NULL),
(260, 2, 69, 2, 1, NULL, NULL, NULL, NULL),
(261, 2, 70, 4, 1, NULL, NULL, NULL, NULL),
(262, 2, 71, 4, 1, NULL, NULL, NULL, NULL),
(263, 2, 72, 3, 1, NULL, NULL, NULL, NULL),
(264, 2, 73, 2, 1, NULL, NULL, NULL, NULL),
(265, 2, 74, 4, 1, NULL, NULL, NULL, NULL),
(266, 2, 75, 4, 1, NULL, NULL, NULL, NULL),
(267, 2, 76, 3, 1, NULL, NULL, NULL, NULL),
(268, 2, 77, 2, 1, NULL, NULL, NULL, NULL),
(269, 2, 78, 4, 1, NULL, NULL, NULL, NULL),
(270, 2, 79, 4, 1, NULL, NULL, NULL, NULL),
(271, 2, 80, 3, 1, NULL, NULL, NULL, NULL),
(272, 2, 81, 2, 1, NULL, NULL, NULL, NULL),
(273, 2, 82, 4, 1, NULL, NULL, NULL, NULL),
(274, 2, 83, 4, 1, NULL, NULL, NULL, NULL),
(275, 2, 84, 3, 1, NULL, NULL, NULL, NULL),
(276, 2, 85, 2, 1, NULL, NULL, NULL, NULL),
(277, 2, 86, 4, 1, NULL, NULL, NULL, NULL),
(278, 2, 87, 4, 1, NULL, NULL, NULL, NULL),
(279, 2, 88, 3, 1, NULL, NULL, NULL, NULL),
(280, 2, 89, 2, 1, NULL, NULL, NULL, NULL),
(281, 2, 90, 4, 1, NULL, NULL, NULL, NULL),
(282, 2, 91, 4, 1, NULL, NULL, NULL, NULL),
(283, 2, 92, 3, 1, NULL, NULL, NULL, NULL),
(284, 2, 93, 2, 1, NULL, NULL, NULL, NULL),
(285, 2, 94, 4, 1, NULL, NULL, NULL, NULL),
(286, 2, 95, 4, 1, NULL, NULL, NULL, NULL),
(287, 2, 96, 3, 1, NULL, NULL, NULL, NULL),
(288, 2, 97, 2, 1, NULL, NULL, NULL, NULL),
(289, 2, 98, 4, 1, NULL, NULL, NULL, NULL),
(290, 2, 99, 3, 1, NULL, NULL, NULL, NULL),
(291, 2, 100, 2, 1, NULL, NULL, NULL, NULL),
(292, 2, 101, 4, 1, NULL, NULL, NULL, NULL),
(293, 2, 102, 4, 1, NULL, NULL, NULL, NULL),
(294, 2, 103, 3, 1, NULL, NULL, NULL, NULL),
(295, 2, 104, 2, 1, NULL, NULL, NULL, NULL),
(296, 2, 105, 4, 1, NULL, NULL, NULL, NULL),
(297, 2, 106, 4, 1, NULL, NULL, NULL, NULL),
(298, 2, 107, 3, 1, NULL, NULL, NULL, NULL),
(299, 2, 108, 2, 1, NULL, NULL, NULL, NULL),
(300, 2, 109, 4, 1, NULL, NULL, NULL, NULL),
(301, 2, 110, 4, 1, NULL, NULL, NULL, NULL),
(302, 2, 111, 3, 1, NULL, NULL, NULL, NULL),
(303, 2, 112, 2, 1, NULL, NULL, NULL, NULL),
(304, 2, 113, 4, 1, NULL, NULL, NULL, NULL),
(305, 2, 114, 4, 1, NULL, NULL, NULL, NULL),
(306, 2, 115, 3, 1, NULL, NULL, NULL, NULL),
(307, 2, 116, 2, 1, NULL, NULL, NULL, NULL),
(308, 2, 117, 4, 1, NULL, NULL, NULL, NULL),
(309, 2, 118, 4, 1, NULL, NULL, NULL, NULL),
(310, 2, 119, 3, 1, NULL, NULL, NULL, NULL),
(311, 2, 120, 2, 1, NULL, NULL, NULL, NULL),
(312, 2, 121, 4, 1, NULL, NULL, NULL, NULL),
(313, 2, 122, 4, 1, NULL, NULL, NULL, NULL),
(314, 2, 123, 3, 1, NULL, NULL, NULL, NULL),
(315, 2, 124, 2, 1, NULL, NULL, NULL, NULL),
(316, 2, 125, 4, 1, NULL, NULL, NULL, NULL),
(317, 2, 126, 4, 1, NULL, NULL, NULL, NULL),
(318, 2, 127, 3, 1, NULL, NULL, NULL, NULL),
(319, 2, 128, 2, 1, NULL, NULL, NULL, NULL),
(320, 2, 129, 4, 1, NULL, NULL, NULL, NULL),
(321, 2, 130, 3, 1, NULL, NULL, NULL, NULL),
(322, 2, 131, 2, 1, NULL, NULL, NULL, NULL),
(323, 2, 132, 4, 1, NULL, NULL, NULL, NULL),
(324, 2, 133, 4, 1, NULL, NULL, NULL, NULL),
(325, 2, 134, 3, 1, NULL, NULL, NULL, NULL),
(326, 2, 135, 2, 1, NULL, NULL, NULL, NULL),
(327, 2, 136, 4, 1, NULL, NULL, NULL, NULL),
(328, 2, 137, 4, 1, NULL, NULL, NULL, NULL),
(329, 2, 138, 3, 1, NULL, NULL, NULL, NULL),
(330, 2, 139, 2, 1, NULL, NULL, NULL, NULL),
(331, 2, 140, 4, 1, NULL, NULL, NULL, NULL),
(332, 2, 141, 4, 1, NULL, NULL, NULL, NULL),
(333, 2, 142, 3, 1, NULL, NULL, NULL, NULL),
(334, 2, 143, 2, 1, NULL, NULL, NULL, NULL),
(335, 2, 144, 4, 1, NULL, NULL, NULL, NULL),
(336, 2, 145, 4, 1, NULL, NULL, NULL, NULL),
(337, 2, 146, 3, 1, NULL, NULL, NULL, NULL),
(338, 2, 147, 2, 1, NULL, NULL, NULL, NULL),
(339, 2, 148, 4, 1, NULL, NULL, NULL, NULL),
(340, 2, 149, 4, 1, NULL, NULL, NULL, NULL),
(341, 2, 150, 3, 1, NULL, NULL, NULL, NULL),
(342, 2, 151, 2, 1, NULL, NULL, NULL, NULL),
(343, 2, 152, 4, 1, NULL, NULL, NULL, NULL),
(344, 2, 153, 4, 1, NULL, NULL, NULL, NULL),
(345, 2, 154, 3, 1, NULL, NULL, NULL, NULL),
(346, 2, 155, 2, 1, NULL, NULL, NULL, NULL),
(347, 2, 156, 4, 1, NULL, NULL, NULL, NULL),
(348, 2, 157, 4, 1, NULL, NULL, NULL, NULL),
(349, 2, 158, 3, 1, NULL, NULL, NULL, NULL),
(350, 2, 159, 2, 1, NULL, NULL, NULL, NULL),
(351, 2, 160, 4, 1, NULL, NULL, NULL, NULL),
(352, 2, 161, 3, 1, NULL, NULL, NULL, NULL),
(353, 2, 162, 2, 1, NULL, NULL, NULL, NULL),
(354, 2, 163, 4, 1, NULL, NULL, NULL, NULL),
(355, 2, 164, 4, 1, NULL, NULL, NULL, NULL),
(356, 2, 165, 3, 1, NULL, NULL, NULL, NULL),
(357, 2, 166, 2, 1, NULL, NULL, NULL, NULL),
(358, 2, 167, 4, 1, NULL, NULL, NULL, NULL),
(359, 2, 168, 4, 1, NULL, NULL, NULL, NULL),
(360, 2, 169, 3, 1, NULL, NULL, NULL, NULL),
(361, 2, 170, 2, 1, NULL, NULL, NULL, NULL),
(362, 2, 171, 4, 1, NULL, NULL, NULL, NULL),
(363, 2, 172, 4, 1, NULL, NULL, NULL, NULL),
(364, 2, 173, 3, 1, NULL, NULL, NULL, NULL),
(365, 2, 174, 2, 1, NULL, NULL, NULL, NULL),
(366, 2, 175, 4, 1, NULL, NULL, NULL, NULL),
(367, 2, 176, 4, 1, NULL, NULL, NULL, NULL),
(368, 2, 177, 3, 1, NULL, NULL, NULL, NULL),
(369, 2, 178, 2, 1, NULL, NULL, NULL, NULL),
(370, 2, 179, 4, 1, NULL, NULL, NULL, NULL),
(371, 2, 180, 4, 1, NULL, NULL, NULL, NULL),
(372, 2, 181, 3, 1, NULL, NULL, NULL, NULL),
(373, 2, 182, 2, 1, NULL, NULL, NULL, NULL),
(374, 2, 183, 4, 1, NULL, NULL, NULL, NULL),
(375, 2, 184, 4, 1, NULL, NULL, NULL, NULL),
(376, 2, 185, 3, 1, NULL, NULL, NULL, NULL),
(377, 2, 186, 2, 1, NULL, NULL, NULL, NULL),
(378, 2, 187, 4, 1, NULL, NULL, NULL, NULL),
(379, 2, 188, 4, 1, NULL, NULL, NULL, NULL),
(380, 2, 189, 3, 1, NULL, NULL, NULL, NULL),
(381, 2, 190, 2, 1, NULL, NULL, NULL, NULL),
(382, 2, 191, 2, 1, NULL, NULL, NULL, NULL),
(383, 3, 1, 4, 1, NULL, NULL, NULL, NULL),
(384, 3, 2, 2, 1, NULL, NULL, NULL, NULL),
(385, 3, 3, 1, 1, NULL, NULL, NULL, NULL),
(386, 3, 4, 4, 1, NULL, NULL, NULL, NULL),
(387, 3, 5, 3, 1, NULL, NULL, NULL, NULL),
(388, 3, 6, 2, 1, NULL, NULL, NULL, NULL),
(389, 3, 7, 1, 1, NULL, NULL, NULL, NULL),
(390, 3, 8, 4, 1, NULL, NULL, NULL, NULL),
(391, 3, 9, 3, 1, NULL, NULL, NULL, NULL),
(392, 3, 10, 2, 1, NULL, NULL, NULL, NULL),
(393, 3, 11, 4, 1, NULL, NULL, NULL, NULL),
(394, 3, 12, 4, 1, NULL, NULL, NULL, NULL),
(395, 3, 13, 3, 1, NULL, NULL, NULL, NULL),
(396, 3, 14, 2, 1, NULL, NULL, NULL, NULL),
(397, 3, 15, 4, 1, NULL, NULL, NULL, NULL),
(398, 3, 16, 4, 1, NULL, NULL, NULL, NULL),
(399, 3, 17, 4, 1, NULL, NULL, NULL, NULL),
(400, 3, 18, 2, 1, NULL, NULL, NULL, NULL),
(401, 3, 19, 4, 1, NULL, NULL, NULL, NULL),
(402, 3, 20, 4, 1, NULL, NULL, NULL, NULL),
(403, 3, 21, 3, 1, NULL, NULL, NULL, NULL),
(404, 3, 22, 2, 1, NULL, NULL, NULL, NULL),
(405, 3, 23, 4, 1, NULL, NULL, NULL, NULL),
(406, 3, 24, 4, 1, NULL, NULL, NULL, NULL),
(407, 3, 25, 3, 1, NULL, NULL, NULL, NULL),
(408, 3, 26, 2, 1, NULL, NULL, NULL, NULL),
(409, 3, 27, 4, 1, NULL, NULL, NULL, NULL),
(410, 3, 28, 4, 1, NULL, NULL, NULL, NULL),
(411, 3, 29, 3, 1, NULL, NULL, NULL, NULL),
(412, 3, 30, 2, 1, NULL, NULL, NULL, NULL),
(413, 3, 31, 4, 1, NULL, NULL, NULL, NULL),
(414, 3, 32, 4, 1, NULL, NULL, NULL, NULL),
(415, 3, 33, 3, 1, NULL, NULL, NULL, NULL),
(416, 3, 34, 2, 1, NULL, NULL, NULL, NULL),
(417, 3, 35, 4, 1, NULL, NULL, NULL, NULL),
(418, 3, 36, 4, 1, NULL, NULL, NULL, NULL),
(419, 3, 37, 3, 1, NULL, NULL, NULL, NULL),
(420, 3, 38, 2, 1, NULL, NULL, NULL, NULL),
(421, 3, 39, 4, 1, NULL, NULL, NULL, NULL),
(422, 3, 40, 4, 1, NULL, NULL, NULL, NULL),
(423, 3, 41, 3, 1, NULL, NULL, NULL, NULL),
(424, 3, 42, 2, 1, NULL, NULL, NULL, NULL),
(425, 3, 43, 4, 1, NULL, NULL, NULL, NULL),
(426, 3, 44, 4, 1, NULL, NULL, NULL, NULL),
(427, 3, 45, 3, 1, NULL, NULL, NULL, NULL),
(428, 3, 46, 2, 1, NULL, NULL, NULL, NULL),
(429, 3, 47, 4, 1, NULL, NULL, NULL, NULL),
(430, 3, 48, 4, 1, NULL, NULL, NULL, NULL),
(431, 3, 49, 3, 1, NULL, NULL, NULL, NULL),
(432, 3, 50, 2, 1, NULL, NULL, NULL, NULL),
(433, 3, 51, 4, 1, NULL, NULL, NULL, NULL),
(434, 3, 52, 4, 1, NULL, NULL, NULL, NULL),
(435, 3, 53, 3, 1, NULL, NULL, NULL, NULL),
(436, 3, 54, 2, 1, NULL, NULL, NULL, NULL),
(437, 3, 55, 4, 1, NULL, NULL, NULL, NULL),
(438, 3, 56, 4, 1, NULL, NULL, NULL, NULL),
(439, 3, 57, 3, 1, NULL, NULL, NULL, NULL),
(440, 3, 58, 2, 1, NULL, NULL, NULL, NULL),
(441, 3, 59, 4, 1, NULL, NULL, NULL, NULL),
(442, 3, 60, 4, 1, NULL, NULL, NULL, NULL),
(443, 3, 61, 3, 1, NULL, NULL, NULL, NULL),
(444, 3, 62, 2, 1, NULL, NULL, NULL, NULL),
(445, 3, 63, 4, 1, NULL, NULL, NULL, NULL),
(446, 3, 64, 4, 1, NULL, NULL, NULL, NULL),
(447, 3, 65, 3, 1, NULL, NULL, NULL, NULL),
(448, 3, 66, 2, 1, NULL, NULL, NULL, NULL),
(449, 3, 67, 4, 1, NULL, NULL, NULL, NULL),
(450, 3, 68, 3, 1, NULL, NULL, NULL, NULL),
(451, 3, 69, 2, 1, NULL, NULL, NULL, NULL),
(452, 3, 70, 4, 1, NULL, NULL, NULL, NULL),
(453, 3, 71, 4, 1, NULL, NULL, NULL, NULL),
(454, 3, 72, 3, 1, NULL, NULL, NULL, NULL),
(455, 3, 73, 2, 1, NULL, NULL, NULL, NULL),
(456, 3, 74, 4, 1, NULL, NULL, NULL, NULL),
(457, 3, 75, 4, 1, NULL, NULL, NULL, NULL),
(458, 3, 76, 3, 1, NULL, NULL, NULL, NULL),
(459, 3, 77, 2, 1, NULL, NULL, NULL, NULL),
(460, 3, 78, 4, 1, NULL, NULL, NULL, NULL),
(461, 3, 79, 4, 1, NULL, NULL, NULL, NULL),
(462, 3, 80, 3, 1, NULL, NULL, NULL, NULL),
(463, 3, 81, 2, 1, NULL, NULL, NULL, NULL),
(464, 3, 82, 4, 1, NULL, NULL, NULL, NULL),
(465, 3, 83, 4, 1, NULL, NULL, NULL, NULL),
(466, 3, 84, 3, 1, NULL, NULL, NULL, NULL),
(467, 3, 85, 2, 1, NULL, NULL, NULL, NULL),
(468, 3, 86, 4, 1, NULL, NULL, NULL, NULL),
(469, 3, 87, 4, 1, NULL, NULL, NULL, NULL),
(470, 3, 88, 3, 1, NULL, NULL, NULL, NULL),
(471, 3, 89, 2, 1, NULL, NULL, NULL, NULL),
(472, 3, 90, 4, 1, NULL, NULL, NULL, NULL),
(473, 3, 91, 4, 1, NULL, NULL, NULL, NULL),
(474, 3, 92, 3, 1, NULL, NULL, NULL, NULL),
(475, 3, 93, 2, 1, NULL, NULL, NULL, NULL),
(476, 3, 94, 4, 1, NULL, NULL, NULL, NULL),
(477, 3, 95, 4, 1, NULL, NULL, NULL, NULL),
(478, 3, 96, 3, 1, NULL, NULL, NULL, NULL),
(479, 3, 97, 2, 1, NULL, NULL, NULL, NULL),
(480, 3, 98, 4, 1, NULL, NULL, NULL, NULL),
(481, 3, 99, 3, 1, NULL, NULL, NULL, NULL),
(482, 3, 100, 2, 1, NULL, NULL, NULL, NULL),
(483, 3, 101, 4, 1, NULL, NULL, NULL, NULL),
(484, 3, 102, 4, 1, NULL, NULL, NULL, NULL),
(485, 3, 103, 3, 1, NULL, NULL, NULL, NULL),
(486, 3, 104, 2, 1, NULL, NULL, NULL, NULL),
(487, 3, 105, 4, 1, NULL, NULL, NULL, NULL),
(488, 3, 106, 4, 1, NULL, NULL, NULL, NULL),
(489, 3, 107, 3, 1, NULL, NULL, NULL, NULL),
(490, 3, 108, 2, 1, NULL, NULL, NULL, NULL),
(491, 3, 109, 4, 1, NULL, NULL, NULL, NULL),
(492, 3, 110, 4, 1, NULL, NULL, NULL, NULL),
(493, 3, 111, 3, 1, NULL, NULL, NULL, NULL),
(494, 3, 112, 2, 1, NULL, NULL, NULL, NULL),
(495, 3, 113, 4, 1, NULL, NULL, NULL, NULL),
(496, 3, 114, 4, 1, NULL, NULL, NULL, NULL),
(497, 3, 115, 3, 1, NULL, NULL, NULL, NULL),
(498, 3, 116, 2, 1, NULL, NULL, NULL, NULL),
(499, 3, 117, 4, 1, NULL, NULL, NULL, NULL),
(500, 3, 118, 4, 1, NULL, NULL, NULL, NULL),
(501, 3, 119, 3, 1, NULL, NULL, NULL, NULL),
(502, 3, 120, 2, 1, NULL, NULL, NULL, NULL),
(503, 3, 121, 4, 1, NULL, NULL, NULL, NULL),
(504, 3, 122, 4, 1, NULL, NULL, NULL, NULL),
(505, 3, 123, 3, 1, NULL, NULL, NULL, NULL),
(506, 3, 124, 2, 1, NULL, NULL, NULL, NULL),
(507, 3, 125, 4, 1, NULL, NULL, NULL, NULL),
(508, 3, 126, 4, 1, NULL, NULL, NULL, NULL),
(509, 3, 127, 3, 1, NULL, NULL, NULL, NULL),
(510, 3, 128, 2, 1, NULL, NULL, NULL, NULL),
(511, 3, 129, 4, 1, NULL, NULL, NULL, NULL),
(512, 3, 130, 3, 1, NULL, NULL, NULL, NULL),
(513, 3, 131, 2, 1, NULL, NULL, NULL, NULL),
(514, 3, 132, 4, 1, NULL, NULL, NULL, NULL),
(515, 3, 133, 4, 1, NULL, NULL, NULL, NULL),
(516, 3, 134, 3, 1, NULL, NULL, NULL, NULL),
(517, 3, 135, 2, 1, NULL, NULL, NULL, NULL),
(518, 3, 136, 4, 1, NULL, NULL, NULL, NULL),
(519, 3, 137, 4, 1, NULL, NULL, NULL, NULL),
(520, 3, 138, 3, 1, NULL, NULL, NULL, NULL),
(521, 3, 139, 2, 1, NULL, NULL, NULL, NULL),
(522, 3, 140, 4, 1, NULL, NULL, NULL, NULL),
(523, 3, 141, 4, 1, NULL, NULL, NULL, NULL),
(524, 3, 142, 3, 1, NULL, NULL, NULL, NULL),
(525, 3, 143, 2, 1, NULL, NULL, NULL, NULL),
(526, 3, 144, 4, 1, NULL, NULL, NULL, NULL),
(527, 3, 145, 4, 1, NULL, NULL, NULL, NULL),
(528, 3, 146, 3, 1, NULL, NULL, NULL, NULL),
(529, 3, 147, 2, 1, NULL, NULL, NULL, NULL),
(530, 3, 148, 4, 1, NULL, NULL, NULL, NULL),
(531, 3, 149, 4, 1, NULL, NULL, NULL, NULL),
(532, 3, 150, 3, 1, NULL, NULL, NULL, NULL),
(533, 3, 151, 2, 1, NULL, NULL, NULL, NULL),
(534, 3, 152, 4, 1, NULL, NULL, NULL, NULL),
(535, 3, 153, 4, 1, NULL, NULL, NULL, NULL),
(536, 3, 154, 3, 1, NULL, NULL, NULL, NULL),
(537, 3, 155, 2, 1, NULL, NULL, NULL, NULL),
(538, 3, 156, 4, 1, NULL, NULL, NULL, NULL),
(539, 3, 157, 4, 1, NULL, NULL, NULL, NULL),
(540, 3, 158, 3, 1, NULL, NULL, NULL, NULL),
(541, 3, 159, 2, 1, NULL, NULL, NULL, NULL),
(542, 3, 160, 4, 1, NULL, NULL, NULL, NULL),
(543, 3, 161, 3, 1, NULL, NULL, NULL, NULL),
(544, 3, 162, 2, 1, NULL, NULL, NULL, NULL),
(545, 3, 163, 4, 1, NULL, NULL, NULL, NULL),
(546, 3, 164, 4, 1, NULL, NULL, NULL, NULL),
(547, 3, 165, 3, 1, NULL, NULL, NULL, NULL),
(548, 3, 166, 2, 1, NULL, NULL, NULL, NULL),
(549, 3, 167, 4, 1, NULL, NULL, NULL, NULL),
(550, 3, 168, 4, 1, NULL, NULL, NULL, NULL),
(551, 3, 169, 3, 1, NULL, NULL, NULL, NULL),
(552, 3, 170, 2, 1, NULL, NULL, NULL, NULL),
(553, 3, 171, 4, 1, NULL, NULL, NULL, NULL),
(554, 3, 172, 4, 1, NULL, NULL, NULL, NULL),
(555, 3, 173, 3, 1, NULL, NULL, NULL, NULL),
(556, 3, 174, 2, 1, NULL, NULL, NULL, NULL),
(557, 3, 175, 4, 1, NULL, NULL, NULL, NULL),
(558, 3, 176, 4, 1, NULL, NULL, NULL, NULL),
(559, 3, 177, 3, 1, NULL, NULL, NULL, NULL),
(560, 3, 178, 2, 1, NULL, NULL, NULL, NULL),
(561, 3, 179, 4, 1, NULL, NULL, NULL, NULL),
(562, 3, 180, 4, 1, NULL, NULL, NULL, NULL),
(563, 3, 181, 3, 1, NULL, NULL, NULL, NULL),
(564, 3, 182, 2, 1, NULL, NULL, NULL, NULL),
(565, 3, 183, 4, 1, NULL, NULL, NULL, NULL),
(566, 3, 184, 4, 1, NULL, NULL, NULL, NULL),
(567, 3, 185, 3, 1, NULL, NULL, NULL, NULL),
(568, 3, 186, 2, 1, NULL, NULL, NULL, NULL),
(569, 3, 187, 4, 1, NULL, NULL, NULL, NULL),
(570, 3, 188, 4, 1, NULL, NULL, NULL, NULL),
(571, 3, 189, 3, 1, NULL, NULL, NULL, NULL),
(572, 3, 190, 2, 1, NULL, NULL, NULL, NULL),
(573, 3, 191, 2, 1, NULL, NULL, NULL, NULL),
(574, 20, 1, 2, 1, '2021-06-23', NULL, '00:09:32', NULL),
(575, 20, 2, 2, 1, '2021-06-23', NULL, '00:09:32', NULL),
(576, 20, 3, 3, 1, '2021-06-23', NULL, '00:09:32', NULL),
(577, 20, 4, 2, 1, '2021-06-23', NULL, '00:09:32', NULL),
(578, 20, 5, 3, 1, '2021-06-23', NULL, '00:09:32', NULL),
(579, 20, 6, 4, 1, '2021-06-23', NULL, '00:09:32', NULL),
(580, 20, 7, 4, 1, '2021-06-23', NULL, '00:09:32', NULL),
(581, 20, 8, 3, 1, '2021-06-23', NULL, '00:09:32', NULL),
(582, 20, 9, 2, 1, '2021-06-23', NULL, '00:09:32', NULL),
(583, 20, 10, 3, 1, '2021-06-23', NULL, '00:09:32', NULL),
(584, 20, 11, 2, 1, '2021-06-23', NULL, '00:09:32', NULL),
(585, 20, 12, 4, 1, '2021-06-23', NULL, '00:09:32', NULL),
(586, 20, 13, 3, 1, '2021-06-23', NULL, '00:09:32', NULL),
(587, 20, 14, 4, 1, '2021-06-23', NULL, '00:09:32', NULL),
(588, 20, 15, 3, 1, '2021-06-23', NULL, '00:09:32', NULL),
(589, 20, 16, 3, 1, '2021-06-23', NULL, '00:09:32', NULL),
(590, 20, 17, 4, 1, '2021-06-23', NULL, '00:09:32', NULL),
(591, 20, 18, 3, 1, '2021-06-23', NULL, '00:09:32', NULL),
(592, 20, 19, 2, 1, '2021-06-23', NULL, '00:09:32', NULL),
(593, 20, 20, 4, 1, '2021-06-23', NULL, '00:09:32', NULL),
(594, 20, 21, 3, 1, '2021-06-23', NULL, '00:09:32', NULL),
(595, 20, 22, 3, 1, '2021-06-23', NULL, '00:09:32', NULL),
(596, 20, 23, 2, 1, '2021-06-23', NULL, '00:09:32', NULL),
(597, 20, 24, 3, 1, '2021-06-23', NULL, '00:09:32', NULL),
(598, 20, 25, 4, 1, '2021-06-23', NULL, '00:09:32', NULL),
(599, 20, 26, 3, 1, '2021-06-23', NULL, '00:09:32', NULL),
(600, 20, 27, 4, 1, '2021-06-23', NULL, '00:09:32', NULL),
(601, 20, 28, 4, 1, '2021-06-23', NULL, '00:09:32', NULL),
(602, 20, 29, 3, 1, '2021-06-23', NULL, '00:09:32', NULL),
(603, 20, 30, 4, 1, '2021-06-23', NULL, '00:09:32', NULL),
(604, 20, 31, 2, 1, '2021-06-23', NULL, '00:25:17', NULL),
(605, 20, 32, 3, 1, '2021-06-23', NULL, '00:25:17', NULL),
(606, 20, 33, 4, 1, '2021-06-23', NULL, '00:25:17', NULL),
(607, 20, 34, 1, 1, '2021-06-23', NULL, '00:25:17', NULL),
(608, 20, 35, 2, 1, '2021-06-23', NULL, '00:25:17', NULL),
(609, 20, 36, 2, 1, '2021-06-23', NULL, '00:25:17', NULL),
(610, 20, 37, 2, 1, '2021-06-23', NULL, '00:25:17', NULL),
(611, 20, 38, 3, 1, '2021-06-23', NULL, '00:25:17', NULL),
(612, 20, 39, 3, 1, '2021-06-23', NULL, '00:25:17', NULL),
(613, 20, 40, 4, 1, '2021-06-23', NULL, '00:25:17', NULL),
(614, 20, 41, 3, 1, '2021-06-23', NULL, '00:25:17', NULL),
(615, 20, 42, 3, 1, '2021-06-23', NULL, '00:25:17', NULL),
(616, 20, 43, 4, 1, '2021-06-23', NULL, '00:25:17', NULL),
(617, 20, 44, 2, 1, '2021-06-23', NULL, '00:25:17', NULL),
(618, 20, 45, 2, 1, '2021-06-23', NULL, '00:25:17', NULL),
(619, 20, 46, 3, 1, '2021-06-23', NULL, '00:25:17', NULL),
(620, 20, 47, 4, 1, '2021-06-23', NULL, '00:25:17', NULL),
(621, 20, 48, 3, 1, '2021-06-23', NULL, '00:25:17', NULL),
(622, 20, 49, 2, 1, '2021-06-23', NULL, '00:25:17', NULL),
(623, 20, 50, 3, 1, '2021-06-23', NULL, '00:25:17', NULL),
(624, 20, 51, 3, 1, '2021-06-23', NULL, '00:25:17', NULL),
(625, 20, 52, 4, 1, '2021-06-23', NULL, '00:25:17', NULL),
(626, 20, 53, 2, 1, '2021-06-23', NULL, '00:25:17', NULL),
(627, 20, 54, 3, 1, '2021-06-23', NULL, '00:25:17', NULL),
(628, 20, 55, 4, 1, '2021-06-23', NULL, '00:25:17', NULL),
(671, 20, 56, 3, 1, '2021-06-23', NULL, '00:40:45', NULL),
(672, 20, 57, 2, 1, '2021-06-23', NULL, '00:40:45', NULL),
(673, 20, 58, 2, 1, '2021-06-23', NULL, '00:40:45', NULL),
(674, 20, 59, 3, 1, '2021-06-23', NULL, '00:40:45', NULL),
(675, 20, 60, 4, 1, '2021-06-23', NULL, '00:40:45', NULL),
(676, 20, 61, 3, 1, '2021-06-23', NULL, '00:40:45', NULL),
(677, 20, 62, 1, 1, '2021-06-23', NULL, '00:40:45', NULL),
(678, 20, 63, 2, 1, '2021-06-23', NULL, '00:40:45', NULL),
(679, 20, 64, 2, 1, '2021-06-23', NULL, '00:40:45', NULL),
(680, 20, 65, 2, 1, '2021-06-23', NULL, '00:40:45', NULL),
(681, 20, 66, 2, 1, '2021-06-23', NULL, '00:40:45', NULL),
(682, 20, 67, 3, 1, '2021-06-23', NULL, '00:40:45', NULL),
(683, 20, 68, 2, 1, '2021-06-23', NULL, '00:40:45', NULL),
(684, 20, 69, 3, 1, '2021-06-23', NULL, '00:40:45', NULL),
(685, 20, 70, 2, 1, '2021-06-23', NULL, '00:40:45', NULL),
(686, 20, 71, 2, 1, '2021-06-23', NULL, '00:40:45', NULL),
(687, 20, 72, 3, 1, '2021-06-23', NULL, '00:40:45', NULL),
(688, 20, 73, 2, 1, '2021-06-23', NULL, '00:40:45', NULL),
(689, 20, 74, 3, 1, '2021-06-23', NULL, '00:40:45', NULL),
(690, 20, 75, 3, 1, '2021-06-23', NULL, '00:40:45', NULL),
(691, 20, 76, 4, 1, '2021-06-23', NULL, '00:40:45', NULL),
(692, 20, 77, 3, 1, '2021-06-23', NULL, '00:40:45', NULL),
(693, 20, 78, 2, 1, '2021-06-23', NULL, '00:40:45', NULL),
(694, 20, 79, 4, 1, '2021-06-23', NULL, '00:40:45', NULL),
(695, 20, 80, 2, 1, '2021-06-23', NULL, '00:40:45', NULL),
(696, 20, 81, 3, 1, '2021-06-23', NULL, '00:40:45', NULL),
(697, 20, 82, 2, 1, '2021-06-23', NULL, '00:40:45', NULL),
(698, 20, 83, 3, 1, '2021-06-23', NULL, '00:40:45', NULL),
(699, 20, 84, 2, 1, '2021-06-23', NULL, '00:40:45', NULL),
(700, 20, 85, 3, 1, '2021-06-23', NULL, '00:40:45', NULL),
(701, 20, 86, 3, 1, '2021-06-23', NULL, '00:40:45', NULL),
(702, 20, 87, 2, 1, '2021-06-23', NULL, '00:40:45', NULL),
(703, 20, 88, 2, 1, '2021-06-23', NULL, '00:40:45', NULL),
(704, 20, 89, 3, 1, '2021-06-23', NULL, '00:40:45', NULL),
(705, 20, 90, 4, 1, '2021-06-23', NULL, '00:40:45', NULL),
(706, 20, 91, 3, 1, '2021-06-23', NULL, '00:40:45', NULL),
(707, 20, 92, 3, 1, '2021-06-23', NULL, '00:40:45', NULL),
(708, 20, 93, 2, 1, '2021-06-23', NULL, '00:40:45', NULL),
(709, 20, 94, 2, 1, '2021-06-23', NULL, '00:40:45', NULL),
(710, 20, 95, 2, 1, '2021-06-23', NULL, '00:40:45', NULL),
(711, 20, 96, 2, 1, '2021-06-23', NULL, '00:40:45', NULL),
(712, 20, 97, 3, 1, '2021-06-23', NULL, '00:40:45', NULL),
(713, 20, 98, 3, 1, '2021-06-23', NULL, '00:47:37', NULL),
(714, 20, 99, 2, 1, '2021-06-23', NULL, '00:47:37', NULL),
(715, 20, 100, 3, 1, '2021-06-23', NULL, '00:47:37', NULL),
(716, 20, 101, 3, 1, '2021-06-23', NULL, '00:47:37', NULL),
(717, 20, 102, 2, 1, '2021-06-23', NULL, '00:47:37', NULL),
(718, 20, 103, 2, 1, '2021-06-23', NULL, '00:47:37', NULL),
(719, 20, 104, 1, 1, '2021-06-23', NULL, '00:47:37', NULL),
(720, 20, 105, 2, 1, '2021-06-23', NULL, '00:47:37', NULL),
(721, 20, 106, 2, 1, '2021-06-23', NULL, '00:47:37', NULL),
(722, 20, 107, 2, 1, '2021-06-23', NULL, '00:47:37', NULL),
(723, 20, 108, 4, 1, '2021-06-23', NULL, '00:47:37', NULL),
(724, 20, 109, 2, 1, '2021-06-23', NULL, '00:47:37', NULL),
(725, 20, 110, 3, 1, '2021-06-23', NULL, '00:47:37', NULL),
(726, 20, 111, 2, 1, '2021-06-23', NULL, '00:47:37', NULL),
(727, 20, 112, 3, 1, '2021-06-23', NULL, '00:47:37', NULL),
(728, 20, 113, 1, 1, '2021-06-23', NULL, '00:47:37', NULL),
(729, 20, 114, 2, 1, '2021-06-23', NULL, '00:47:37', NULL),
(730, 20, 115, 2, 1, '2021-06-23', NULL, '00:47:37', NULL),
(731, 20, 116, 2, 1, '2021-06-23', NULL, '00:47:37', NULL),
(732, 20, 117, 2, 1, '2021-06-23', NULL, '00:47:37', NULL),
(733, 20, 118, 2, 1, '2021-06-23', NULL, '00:47:37', NULL),
(734, 20, 119, 3, 1, '2021-06-23', NULL, '00:47:37', NULL),
(735, 20, 120, 3, 1, '2021-06-23', NULL, '00:47:37', NULL),
(736, 20, 121, 4, 1, '2021-06-23', NULL, '00:47:37', NULL),
(737, 20, 122, 2, 1, '2021-06-23', NULL, '00:47:37', NULL),
(738, 20, 123, 3, 1, '2021-06-23', NULL, '00:47:37', NULL),
(739, 20, 124, 1, 1, '2021-06-23', NULL, '00:47:37', NULL),
(740, 20, 125, 3, 1, '2021-06-23', NULL, '00:47:37', NULL),
(741, 20, 126, 2, 1, '2021-06-23', NULL, '00:47:37', NULL),
(742, 20, 127, 4, 1, '2021-06-23', NULL, '00:47:37', NULL),
(743, 20, 128, 3, 1, '2021-06-23', NULL, '00:47:37', NULL),
(744, 20, 129, 2, 1, '2021-06-23', NULL, '00:47:37', NULL),
(745, 20, 130, 2, 1, '2021-06-23', NULL, '00:47:37', NULL),
(746, 20, 131, 2, 1, '2021-06-23', NULL, '00:47:37', NULL),
(747, 20, 132, 3, 1, '2021-06-23', NULL, '00:47:37', NULL),
(748, 20, 133, 3, 1, '2021-06-23', NULL, '00:47:37', NULL),
(749, 20, 134, 3, 1, '2021-06-23', NULL, '00:47:37', NULL),
(750, 20, 135, 1, 1, '2021-06-23', NULL, '00:47:37', NULL),
(751, 20, 136, 2, 1, '2021-06-23', NULL, '00:47:37', NULL),
(752, 20, 137, 1, 1, '2021-06-23', NULL, '00:47:37', NULL),
(753, 20, 138, 2, 1, '2021-06-23', NULL, '00:47:37', NULL),
(754, 20, 139, 4, 1, '2021-06-23', NULL, '00:47:37', NULL),
(755, 20, 140, 2, 1, '2021-06-23', NULL, '00:47:37', NULL),
(756, 20, 141, 3, 1, '2021-06-23', NULL, '00:47:37', NULL),
(757, 20, 142, 2, 1, '2021-06-23', NULL, '00:47:37', NULL),
(758, 20, 143, 4, 1, '2021-06-23', NULL, '00:47:37', NULL),
(759, 20, 144, 3, 1, '2021-06-23', NULL, '00:47:37', NULL),
(760, 20, 145, 3, 1, '2021-06-23', NULL, '00:47:37', NULL),
(761, 20, 146, 3, 1, '2021-06-23', NULL, '00:47:37', NULL),
(762, 20, 147, 3, 1, '2021-06-23', NULL, '00:47:37', NULL),
(763, 20, 148, 1, 1, '2021-06-23', NULL, '00:56:01', NULL),
(764, 20, 149, 1, 1, '2021-06-23', NULL, '00:56:01', NULL),
(765, 20, 150, 7, 1, '2021-06-23', NULL, '00:56:01', NULL),
(766, 20, 151, 7, 1, '2021-06-23', NULL, '00:56:01', NULL),
(767, 20, 152, 5, 1, '2021-06-23', NULL, '00:56:01', NULL),
(768, 20, 153, 1, 1, '2021-06-23', NULL, '00:56:01', NULL),
(769, 20, 154, 7, 1, '2021-06-23', NULL, '00:56:01', NULL),
(770, 20, 155, 7, 1, '2021-06-23', NULL, '00:56:01', NULL),
(771, 20, 156, 6, 1, '2021-06-23', NULL, '00:56:01', NULL),
(772, 20, 157, 6, 1, '2021-06-23', NULL, '00:56:01', NULL),
(773, 20, 158, 3, 1, '2021-06-23', NULL, '00:56:01', NULL),
(774, 20, 159, 7, 1, '2021-06-23', NULL, '00:56:01', NULL),
(775, 20, 160, 4, 1, '2021-06-23', NULL, '00:56:01', NULL),
(776, 20, 161, 6, 1, '2021-06-23', NULL, '00:56:01', NULL),
(777, 20, 162, 5, 1, '2021-06-23', NULL, '00:56:01', NULL),
(778, 20, 163, 1, 1, '2021-06-23', NULL, '00:56:01', NULL),
(779, 20, 164, 7, 1, '2021-06-23', NULL, '00:56:01', NULL),
(780, 20, 165, 6, 1, '2021-06-23', NULL, '00:56:01', NULL),
(781, 20, 166, 7, 1, '2021-06-23', NULL, '00:56:01', NULL),
(782, 20, 167, 5, 1, '2021-06-23', NULL, '00:56:01', NULL),
(783, 20, 168, 1, 1, '2021-06-23', NULL, '00:56:01', NULL),
(784, 20, 169, 7, 1, '2021-06-23', NULL, '00:56:01', NULL),
(785, 20, 170, 5, 1, '2021-06-23', NULL, '00:56:01', NULL),
(786, 20, 171, 5, 1, '2021-06-23', NULL, '00:56:01', NULL),
(787, 20, 172, 4, 1, '2021-06-23', NULL, '00:56:01', NULL),
(788, 20, 173, 3, 1, '2021-06-23', NULL, '00:56:01', NULL),
(789, 20, 174, 1, 1, '2021-06-23', NULL, '00:56:01', NULL),
(790, 20, 175, 7, 1, '2021-06-23', NULL, '00:56:01', NULL),
(791, 20, 176, 6, 1, '2021-06-23', NULL, '00:56:01', NULL),
(792, 20, 177, 5, 1, '2021-06-23', NULL, '00:56:01', NULL),
(793, 20, 178, 1, 1, '2021-06-23', NULL, '00:56:01', NULL),
(794, 20, 179, 3, 1, '2021-06-23', NULL, '00:56:01', NULL),
(795, 20, 180, 5, 1, '2021-06-23', NULL, '00:56:01', NULL),
(796, 20, 181, 6, 1, '2021-06-23', NULL, '00:56:01', NULL),
(797, 20, 182, 5, 1, '2021-06-23', NULL, '00:56:01', NULL),
(798, 20, 183, 3, 1, '2021-06-23', NULL, '00:56:01', NULL),
(799, 20, 184, 4, 1, '2021-06-23', NULL, '00:56:01', NULL),
(800, 20, 185, 5, 1, '2021-06-23', NULL, '00:56:01', NULL),
(801, 20, 186, 6, 1, '2021-06-23', NULL, '00:56:01', NULL),
(802, 20, 187, 4, 1, '2021-06-23', NULL, '00:56:01', NULL),
(803, 20, 188, 6, 1, '2021-06-23', NULL, '00:56:01', NULL),
(804, 20, 189, 5, 1, '2021-06-23', NULL, '00:56:01', NULL),
(805, 20, 190, 5, 1, '2021-06-23', NULL, '00:56:01', NULL),
(806, 20, 191, 5, 1, '2021-06-23', NULL, '00:56:01', NULL),
(807, 24, 1, 4, 1, '2021-07-01', NULL, '18:30:31', NULL),
(808, 24, 2, 3, 1, '2021-07-01', NULL, '18:30:31', NULL),
(809, 24, 3, 2, 1, '2021-07-01', NULL, '18:30:31', NULL),
(810, 24, 4, 3, 1, '2021-07-01', NULL, '18:30:31', NULL),
(811, 24, 5, 3, 1, '2021-07-01', NULL, '18:30:31', NULL),
(812, 24, 6, 2, 1, '2021-07-01', NULL, '18:30:31', NULL),
(813, 24, 7, 4, 1, '2021-07-01', NULL, '18:30:31', NULL),
(814, 24, 8, 2, 1, '2021-07-01', NULL, '18:30:31', NULL),
(815, 24, 9, 3, 1, '2021-07-01', NULL, '18:30:31', NULL),
(816, 24, 10, 2, 1, '2021-07-01', NULL, '18:30:31', NULL),
(817, 24, 11, 3, 1, '2021-07-01', NULL, '18:30:31', NULL),
(818, 24, 12, 3, 1, '2021-07-01', NULL, '18:30:31', NULL),
(819, 24, 13, 4, 1, '2021-07-01', NULL, '18:30:31', NULL),
(820, 24, 14, 2, 1, '2021-07-01', NULL, '18:30:31', NULL),
(821, 24, 15, 3, 1, '2021-07-01', NULL, '18:30:31', NULL),
(822, 24, 16, 3, 1, '2021-07-01', NULL, '18:30:31', NULL),
(823, 24, 17, 2, 1, '2021-07-01', NULL, '18:30:31', NULL),
(824, 24, 18, 3, 1, '2021-07-01', NULL, '18:30:31', NULL),
(825, 24, 19, 2, 1, '2021-07-01', NULL, '18:30:31', NULL),
(826, 24, 20, 3, 1, '2021-07-01', NULL, '18:30:31', NULL),
(827, 24, 21, 4, 1, '2021-07-01', NULL, '18:30:31', NULL),
(828, 24, 22, 2, 1, '2021-07-01', NULL, '18:30:31', NULL),
(829, 24, 23, 3, 1, '2021-07-01', NULL, '18:30:31', NULL),
(830, 24, 24, 2, 1, '2021-07-01', NULL, '18:30:31', NULL),
(831, 24, 25, 2, 1, '2021-07-01', NULL, '18:30:31', NULL),
(832, 24, 26, 3, 1, '2021-07-01', NULL, '18:30:31', NULL),
(833, 24, 27, 3, 1, '2021-07-01', NULL, '18:30:31', NULL),
(834, 24, 28, 2, 1, '2021-07-01', NULL, '18:30:31', NULL),
(835, 24, 29, 3, 1, '2021-07-01', NULL, '18:30:31', NULL),
(836, 24, 30, 3, 1, '2021-07-01', NULL, '18:30:31', NULL),
(837, 24, 31, 2, 1, '2021-07-01', NULL, '18:32:06', NULL),
(838, 24, 32, 3, 1, '2021-07-01', NULL, '18:32:06', NULL),
(839, 24, 33, 2, 1, '2021-07-01', NULL, '18:32:06', NULL),
(840, 24, 34, 4, 1, '2021-07-01', NULL, '18:32:06', NULL),
(841, 24, 35, 2, 1, '2021-07-01', NULL, '18:32:06', NULL),
(842, 24, 36, 2, 1, '2021-07-01', NULL, '18:32:06', NULL),
(843, 24, 37, 3, 1, '2021-07-01', NULL, '18:32:06', NULL),
(844, 24, 38, 4, 1, '2021-07-01', NULL, '18:32:06', NULL),
(845, 24, 39, 2, 1, '2021-07-01', NULL, '18:32:06', NULL),
(846, 24, 40, 3, 1, '2021-07-01', NULL, '18:32:06', NULL),
(847, 24, 41, 3, 1, '2021-07-01', NULL, '18:32:06', NULL),
(848, 24, 42, 2, 1, '2021-07-01', NULL, '18:32:06', NULL),
(849, 24, 43, 3, 1, '2021-07-01', NULL, '18:32:06', NULL),
(850, 24, 44, 3, 1, '2021-07-01', NULL, '18:32:06', NULL),
(851, 24, 45, 2, 1, '2021-07-01', NULL, '18:32:06', NULL),
(852, 24, 46, 3, 1, '2021-07-01', NULL, '18:32:06', NULL),
(853, 24, 47, 4, 1, '2021-07-01', NULL, '18:32:06', NULL),
(854, 24, 48, 2, 1, '2021-07-01', NULL, '18:32:06', NULL),
(855, 24, 49, 3, 1, '2021-07-01', NULL, '18:32:06', NULL),
(856, 24, 50, 2, 1, '2021-07-01', NULL, '18:32:06', NULL),
(857, 24, 51, 3, 1, '2021-07-01', NULL, '18:32:06', NULL),
(858, 24, 52, 4, 1, '2021-07-01', NULL, '18:32:06', NULL),
(859, 24, 53, 2, 1, '2021-07-01', NULL, '18:32:06', NULL),
(860, 24, 54, 2, 1, '2021-07-01', NULL, '18:32:06', NULL),
(861, 24, 55, 3, 1, '2021-07-01', NULL, '18:32:06', NULL),
(862, 24, 56, 2, 1, '2021-07-01', NULL, '18:33:18', NULL),
(863, 24, 57, 3, 1, '2021-07-01', NULL, '18:33:18', NULL),
(864, 24, 58, 3, 1, '2021-07-01', NULL, '18:33:18', NULL),
(865, 24, 59, 2, 1, '2021-07-01', NULL, '18:33:18', NULL),
(866, 24, 60, 4, 1, '2021-07-01', NULL, '18:33:18', NULL),
(867, 24, 61, 2, 1, '2021-07-01', NULL, '18:33:18', NULL),
(868, 24, 62, 3, 1, '2021-07-01', NULL, '18:33:18', NULL),
(869, 24, 63, 2, 1, '2021-07-01', NULL, '18:33:18', NULL),
(870, 24, 64, 2, 1, '2021-07-01', NULL, '18:33:18', NULL),
(871, 24, 65, 3, 1, '2021-07-01', NULL, '18:33:18', NULL),
(872, 24, 66, 3, 1, '2021-07-01', NULL, '18:33:18', NULL),
(873, 24, 67, 2, 1, '2021-07-01', NULL, '18:33:18', NULL),
(874, 24, 68, 2, 1, '2021-07-01', NULL, '18:33:18', NULL),
(875, 24, 69, 3, 1, '2021-07-01', NULL, '18:33:18', NULL),
(876, 24, 70, 2, 1, '2021-07-01', NULL, '18:33:18', NULL),
(877, 24, 71, 2, 1, '2021-07-01', NULL, '18:33:18', NULL),
(878, 24, 72, 3, 1, '2021-07-01', NULL, '18:33:18', NULL),
(879, 24, 73, 2, 1, '2021-07-01', NULL, '18:33:18', NULL),
(880, 24, 74, 3, 1, '2021-07-01', NULL, '18:33:18', NULL),
(881, 24, 75, 2, 1, '2021-07-01', NULL, '18:33:18', NULL),
(882, 24, 76, 3, 1, '2021-07-01', NULL, '18:33:18', NULL),
(883, 24, 77, 3, 1, '2021-07-01', NULL, '18:33:18', NULL),
(884, 24, 78, 2, 1, '2021-07-01', NULL, '18:33:18', NULL),
(885, 24, 79, 2, 1, '2021-07-01', NULL, '18:33:18', NULL),
(886, 24, 80, 2, 1, '2021-07-01', NULL, '18:33:18', NULL),
(887, 24, 81, 3, 1, '2021-07-01', NULL, '18:33:18', NULL),
(888, 24, 82, 2, 1, '2021-07-01', NULL, '18:33:18', NULL),
(889, 24, 83, 3, 1, '2021-07-01', NULL, '18:33:18', NULL),
(890, 24, 84, 3, 1, '2021-07-01', NULL, '18:33:18', NULL),
(891, 24, 85, 3, 1, '2021-07-01', NULL, '18:33:18', NULL),
(892, 24, 86, 2, 1, '2021-07-01', NULL, '18:33:18', NULL),
(893, 24, 87, 3, 1, '2021-07-01', NULL, '18:33:18', NULL),
(894, 24, 88, 3, 1, '2021-07-01', NULL, '18:33:18', NULL),
(895, 24, 89, 2, 1, '2021-07-01', NULL, '18:33:18', NULL),
(896, 24, 90, 2, 1, '2021-07-01', NULL, '18:33:18', NULL),
(897, 24, 91, 2, 1, '2021-07-01', NULL, '18:33:18', NULL),
(898, 24, 92, 2, 1, '2021-07-01', NULL, '18:33:18', NULL),
(899, 24, 93, 3, 1, '2021-07-01', NULL, '18:33:18', NULL),
(900, 24, 94, 3, 1, '2021-07-01', NULL, '18:33:18', NULL),
(901, 24, 95, 3, 1, '2021-07-01', NULL, '18:33:18', NULL),
(902, 24, 96, 3, 1, '2021-07-01', NULL, '18:33:18', NULL),
(903, 24, 97, 2, 1, '2021-07-01', NULL, '18:33:18', NULL),
(904, 24, 98, 2, 1, '2021-07-01', NULL, '18:35:08', NULL),
(905, 24, 99, 3, 1, '2021-07-01', NULL, '18:35:08', NULL),
(906, 24, 100, 3, 1, '2021-07-01', NULL, '18:35:08', NULL),
(907, 24, 101, 3, 1, '2021-07-01', NULL, '18:35:08', NULL),
(908, 24, 102, 2, 1, '2021-07-01', NULL, '18:35:08', NULL),
(909, 24, 103, 2, 1, '2021-07-01', NULL, '18:35:08', NULL),
(910, 24, 104, 3, 1, '2021-07-01', NULL, '18:35:08', NULL),
(911, 24, 105, 3, 1, '2021-07-01', NULL, '18:35:08', NULL),
(912, 24, 106, 3, 1, '2021-07-01', NULL, '18:35:08', NULL),
(913, 24, 107, 3, 1, '2021-07-01', NULL, '18:35:08', NULL),
(914, 24, 108, 3, 1, '2021-07-01', NULL, '18:35:08', NULL),
(915, 24, 109, 2, 1, '2021-07-01', NULL, '18:35:08', NULL),
(916, 24, 110, 4, 1, '2021-07-01', NULL, '18:35:08', NULL),
(917, 24, 111, 3, 1, '2021-07-01', NULL, '18:35:08', NULL),
(918, 24, 112, 2, 1, '2021-07-01', NULL, '18:35:08', NULL),
(919, 24, 113, 2, 1, '2021-07-01', NULL, '18:35:08', NULL),
(920, 24, 114, 2, 1, '2021-07-01', NULL, '18:35:08', NULL),
(921, 24, 115, 2, 1, '2021-07-01', NULL, '18:35:08', NULL),
(922, 24, 116, 3, 1, '2021-07-01', NULL, '18:35:08', NULL),
(923, 24, 117, 2, 1, '2021-07-01', NULL, '18:35:08', NULL),
(924, 24, 118, 3, 1, '2021-07-01', NULL, '18:35:08', NULL),
(925, 24, 119, 2, 1, '2021-07-01', NULL, '18:35:08', NULL),
(926, 24, 120, 2, 1, '2021-07-01', NULL, '18:35:08', NULL),
(927, 24, 121, 3, 1, '2021-07-01', NULL, '18:35:08', NULL),
(928, 24, 122, 2, 1, '2021-07-01', NULL, '18:35:08', NULL),
(929, 24, 123, 3, 1, '2021-07-01', NULL, '18:35:08', NULL),
(930, 24, 124, 2, 1, '2021-07-01', NULL, '18:35:08', NULL),
(931, 24, 125, 3, 1, '2021-07-01', NULL, '18:35:08', NULL),
(932, 24, 126, 2, 1, '2021-07-01', NULL, '18:35:08', NULL),
(933, 24, 127, 2, 1, '2021-07-01', NULL, '18:35:08', NULL),
(934, 24, 128, 2, 1, '2021-07-01', NULL, '18:35:08', NULL),
(935, 24, 129, 3, 1, '2021-07-01', NULL, '18:35:08', NULL),
(936, 24, 130, 2, 1, '2021-07-01', NULL, '18:35:08', NULL),
(937, 24, 131, 3, 1, '2021-07-01', NULL, '18:35:08', NULL),
(938, 24, 132, 3, 1, '2021-07-01', NULL, '18:35:08', NULL),
(939, 24, 133, 2, 1, '2021-07-01', NULL, '18:35:08', NULL),
(940, 24, 134, 3, 1, '2021-07-01', NULL, '18:35:08', NULL),
(941, 24, 135, 2, 1, '2021-07-01', NULL, '18:35:08', NULL),
(942, 24, 136, 2, 1, '2021-07-01', NULL, '18:35:08', NULL),
(943, 24, 137, 3, 1, '2021-07-01', NULL, '18:35:08', NULL),
(944, 24, 138, 2, 1, '2021-07-01', NULL, '18:35:08', NULL),
(945, 24, 139, 2, 1, '2021-07-01', NULL, '18:35:08', NULL),
(946, 24, 140, 2, 1, '2021-07-01', NULL, '18:35:08', NULL),
(947, 24, 141, 2, 1, '2021-07-01', NULL, '18:35:08', NULL),
(948, 24, 142, 2, 1, '2021-07-01', NULL, '18:35:08', NULL),
(949, 24, 143, 3, 1, '2021-07-01', NULL, '18:35:08', NULL),
(950, 24, 144, 3, 1, '2021-07-01', NULL, '18:35:08', NULL),
(951, 24, 145, 3, 1, '2021-07-01', NULL, '18:35:08', NULL),
(952, 24, 146, 2, 1, '2021-07-01', NULL, '18:35:08', NULL),
(953, 24, 147, 3, 1, '2021-07-01', NULL, '18:35:08', NULL),
(954, 24, 148, 4, 1, '2021-07-01', NULL, '18:36:20', NULL),
(955, 24, 149, 6, 1, '2021-07-01', NULL, '18:36:20', NULL),
(956, 24, 150, 4, 1, '2021-07-01', NULL, '18:36:20', NULL),
(957, 24, 151, 3, 1, '2021-07-01', NULL, '18:36:20', NULL),
(958, 24, 152, 5, 1, '2021-07-01', NULL, '18:36:20', NULL),
(959, 24, 153, 3, 1, '2021-07-01', NULL, '18:36:20', NULL),
(960, 24, 154, 3, 1, '2021-07-01', NULL, '18:36:20', NULL),
(961, 24, 155, 4, 1, '2021-07-01', NULL, '18:36:20', NULL),
(962, 24, 156, 3, 1, '2021-07-01', NULL, '18:36:20', NULL),
(963, 24, 157, 3, 1, '2021-07-01', NULL, '18:36:20', NULL),
(964, 24, 158, 5, 1, '2021-07-01', NULL, '18:36:20', NULL),
(965, 24, 159, 4, 1, '2021-07-01', NULL, '18:36:20', NULL),
(966, 24, 160, 3, 1, '2021-07-01', NULL, '18:36:20', NULL),
(967, 24, 161, 4, 1, '2021-07-01', NULL, '18:36:20', NULL),
(968, 24, 162, 5, 1, '2021-07-01', NULL, '18:36:20', NULL),
(969, 24, 163, 3, 1, '2021-07-01', NULL, '18:36:20', NULL),
(970, 24, 164, 4, 1, '2021-07-01', NULL, '18:36:20', NULL),
(971, 24, 165, 3, 1, '2021-07-01', NULL, '18:36:20', NULL),
(972, 24, 166, 3, 1, '2021-07-01', NULL, '18:36:20', NULL),
(973, 24, 167, 4, 1, '2021-07-01', NULL, '18:36:20', NULL),
(974, 24, 168, 3, 1, '2021-07-01', NULL, '18:36:20', NULL),
(975, 24, 169, 4, 1, '2021-07-01', NULL, '18:36:20', NULL),
(976, 24, 170, 4, 1, '2021-07-01', NULL, '18:36:20', NULL),
(977, 24, 171, 3, 1, '2021-07-01', NULL, '18:36:20', NULL),
(978, 24, 172, 4, 1, '2021-07-01', NULL, '18:36:20', NULL),
(979, 24, 173, 3, 1, '2021-07-01', NULL, '18:36:20', NULL),
(980, 24, 174, 4, 1, '2021-07-01', NULL, '18:36:20', NULL),
(981, 24, 175, 5, 1, '2021-07-01', NULL, '18:36:20', NULL),
(982, 24, 176, 3, 1, '2021-07-01', NULL, '18:36:20', NULL),
(983, 24, 177, 4, 1, '2021-07-01', NULL, '18:36:20', NULL),
(984, 24, 178, 4, 1, '2021-07-01', NULL, '18:36:20', NULL),
(985, 24, 179, 4, 1, '2021-07-01', NULL, '18:36:20', NULL),
(986, 24, 180, 4, 1, '2021-07-01', NULL, '18:36:20', NULL),
(987, 24, 181, 3, 1, '2021-07-01', NULL, '18:36:20', NULL),
(988, 24, 182, 4, 1, '2021-07-01', NULL, '18:36:20', NULL),
(989, 24, 183, 4, 1, '2021-07-01', NULL, '18:36:20', NULL),
(990, 24, 184, 3, 1, '2021-07-01', NULL, '18:36:20', NULL),
(991, 24, 185, 4, 1, '2021-07-01', NULL, '18:36:20', NULL),
(992, 24, 186, 3, 1, '2021-07-01', NULL, '18:36:20', NULL),
(993, 24, 187, 4, 1, '2021-07-01', NULL, '18:36:20', NULL),
(994, 24, 188, 3, 1, '2021-07-01', NULL, '18:36:20', NULL),
(995, 24, 189, 4, 1, '2021-07-01', NULL, '18:36:20', NULL),
(996, 24, 190, 5, 1, '2021-07-01', NULL, '18:36:20', NULL),
(997, 24, 191, 4, 1, '2021-07-01', NULL, '18:36:20', NULL),
(998, 21, 1, 2, 1, '2021-07-07', NULL, '12:37:40', NULL),
(999, 21, 2, 3, 1, '2021-07-07', NULL, '12:37:40', NULL),
(1000, 21, 3, 2, 1, '2021-07-07', NULL, '12:37:40', NULL),
(1001, 21, 4, 3, 1, '2021-07-07', NULL, '12:37:40', NULL),
(1002, 21, 5, 4, 1, '2021-07-07', NULL, '12:37:40', NULL),
(1003, 21, 6, 3, 1, '2021-07-07', NULL, '12:37:40', NULL),
(1004, 21, 7, 3, 1, '2021-07-07', NULL, '12:37:40', NULL),
(1005, 21, 8, 2, 1, '2021-07-07', NULL, '12:37:40', NULL),
(1006, 21, 9, 4, 1, '2021-07-07', NULL, '12:37:40', NULL),
(1007, 21, 10, 3, 1, '2021-07-07', NULL, '12:37:40', NULL),
(1008, 21, 11, 3, 1, '2021-07-07', NULL, '12:37:40', NULL),
(1009, 21, 12, 4, 1, '2021-07-07', NULL, '12:37:40', NULL),
(1010, 21, 13, 3, 1, '2021-07-07', NULL, '12:37:40', NULL),
(1011, 21, 14, 3, 1, '2021-07-07', NULL, '12:37:40', NULL),
(1012, 21, 15, 3, 1, '2021-07-07', NULL, '12:37:40', NULL),
(1013, 21, 16, 3, 1, '2021-07-07', NULL, '12:37:40', NULL),
(1014, 21, 17, 4, 1, '2021-07-07', NULL, '12:37:40', NULL),
(1015, 21, 18, 4, 1, '2021-07-07', NULL, '12:37:40', NULL),
(1016, 21, 19, 3, 1, '2021-07-07', NULL, '12:37:40', NULL),
(1017, 21, 20, 4, 1, '2021-07-07', NULL, '12:37:40', NULL),
(1018, 21, 21, 3, 1, '2021-07-07', NULL, '12:37:40', NULL),
(1019, 21, 22, 4, 1, '2021-07-07', NULL, '12:37:40', NULL),
(1020, 21, 23, 3, 1, '2021-07-07', NULL, '12:37:40', NULL),
(1021, 21, 24, 3, 1, '2021-07-07', NULL, '12:37:40', NULL),
(1022, 21, 25, 3, 1, '2021-07-07', NULL, '12:37:40', NULL),
(1023, 21, 26, 4, 1, '2021-07-07', NULL, '12:37:40', NULL),
(1024, 21, 27, 4, 1, '2021-07-07', NULL, '12:37:40', NULL),
(1025, 21, 28, 4, 1, '2021-07-07', NULL, '12:37:40', NULL),
(1026, 21, 29, 3, 1, '2021-07-07', NULL, '12:37:40', NULL),
(1027, 21, 30, 3, 1, '2021-07-07', NULL, '12:37:40', NULL),
(1028, 21, 31, 1, 1, '2021-07-07', NULL, '12:43:02', NULL),
(1029, 21, 32, 2, 1, '2021-07-07', NULL, '12:43:02', NULL),
(1030, 21, 33, 3, 1, '2021-07-07', NULL, '12:43:02', NULL),
(1031, 21, 34, 3, 1, '2021-07-07', NULL, '12:43:02', NULL),
(1032, 21, 35, 3, 1, '2021-07-07', NULL, '12:43:02', NULL),
(1033, 21, 36, 3, 1, '2021-07-07', NULL, '12:43:02', NULL),
(1034, 21, 37, 3, 1, '2021-07-07', NULL, '12:43:02', NULL),
(1035, 21, 38, 4, 1, '2021-07-07', NULL, '12:43:02', NULL),
(1036, 21, 39, 3, 1, '2021-07-07', NULL, '12:43:02', NULL),
(1037, 21, 40, 4, 1, '2021-07-07', NULL, '12:43:02', NULL),
(1038, 21, 41, 3, 1, '2021-07-07', NULL, '12:43:02', NULL),
(1039, 21, 42, 4, 1, '2021-07-07', NULL, '12:43:02', NULL),
(1040, 21, 43, 3, 1, '2021-07-07', NULL, '12:43:02', NULL),
(1041, 21, 44, 3, 1, '2021-07-07', NULL, '12:43:02', NULL),
(1042, 21, 45, 4, 1, '2021-07-07', NULL, '12:43:02', NULL),
(1043, 21, 46, 4, 1, '2021-07-07', NULL, '12:43:02', NULL),
(1044, 21, 47, 3, 1, '2021-07-07', NULL, '12:43:02', NULL),
(1045, 21, 48, 4, 1, '2021-07-07', NULL, '12:43:02', NULL),
(1046, 21, 49, 3, 1, '2021-07-07', NULL, '12:43:02', NULL),
(1047, 21, 50, 3, 1, '2021-07-07', NULL, '12:43:02', NULL),
(1048, 21, 51, 4, 1, '2021-07-07', NULL, '12:43:02', NULL),
(1049, 21, 52, 3, 1, '2021-07-07', NULL, '12:43:02', NULL),
(1050, 21, 53, 3, 1, '2021-07-07', NULL, '12:43:02', NULL),
(1051, 21, 54, 4, 1, '2021-07-07', NULL, '12:43:02', NULL),
(1052, 21, 55, 3, 1, '2021-07-07', NULL, '12:43:02', NULL),
(1053, 21, 56, 4, 1, '2021-07-07', NULL, '12:53:48', NULL),
(1054, 21, 57, 3, 1, '2021-07-07', NULL, '12:53:48', NULL),
(1055, 21, 58, 2, 1, '2021-07-07', NULL, '12:53:48', NULL),
(1056, 21, 59, 1, 1, '2021-07-07', NULL, '12:53:48', NULL),
(1057, 21, 60, 4, 1, '2021-07-07', NULL, '12:53:48', NULL),
(1058, 21, 61, 3, 1, '2021-07-07', NULL, '12:53:48', NULL),
(1059, 21, 62, 3, 1, '2021-07-07', NULL, '12:53:48', NULL),
(1060, 21, 63, 3, 1, '2021-07-07', NULL, '12:53:48', NULL),
(1061, 21, 64, 1, 1, '2021-07-07', NULL, '12:53:48', NULL),
(1062, 21, 65, 3, 1, '2021-07-07', NULL, '12:53:48', NULL),
(1063, 21, 66, 1, 1, '2021-07-07', NULL, '12:53:48', NULL),
(1064, 21, 67, 2, 1, '2021-07-07', NULL, '12:53:48', NULL),
(1065, 21, 68, 2, 1, '2021-07-07', NULL, '12:53:48', NULL),
(1066, 21, 69, 1, 1, '2021-07-07', NULL, '12:53:48', NULL),
(1067, 21, 70, 2, 1, '2021-07-07', NULL, '12:53:48', NULL),
(1068, 21, 71, 3, 1, '2021-07-07', NULL, '12:53:48', NULL),
(1069, 21, 72, 4, 1, '2021-07-07', NULL, '12:53:48', NULL),
(1070, 21, 73, 3, 1, '2021-07-07', NULL, '12:53:48', NULL),
(1071, 21, 74, 3, 1, '2021-07-07', NULL, '12:53:48', NULL),
(1072, 21, 75, 3, 1, '2021-07-07', NULL, '12:53:48', NULL),
(1073, 21, 76, 4, 1, '2021-07-07', NULL, '12:53:48', NULL),
(1074, 21, 77, 2, 1, '2021-07-07', NULL, '12:53:48', NULL),
(1075, 21, 78, 2, 1, '2021-07-07', NULL, '12:53:48', NULL),
(1076, 21, 79, 3, 1, '2021-07-07', NULL, '12:53:48', NULL),
(1077, 21, 80, 2, 1, '2021-07-07', NULL, '12:53:48', NULL),
(1078, 21, 81, 2, 1, '2021-07-07', NULL, '12:53:48', NULL),
(1079, 21, 82, 2, 1, '2021-07-07', NULL, '12:53:48', NULL);
INSERT INTO `t_answer` (`id`, `iduser`, `idsoal`, `jawab`, `idacara`, `date_created`, `date_updated`, `time_created`, `time_updated`) VALUES
(1080, 21, 83, 1, 1, '2021-07-07', NULL, '12:53:48', NULL),
(1081, 21, 84, 2, 1, '2021-07-07', NULL, '12:53:48', NULL),
(1082, 21, 85, 4, 1, '2021-07-07', NULL, '12:53:48', NULL),
(1083, 21, 86, 3, 1, '2021-07-07', NULL, '12:53:48', NULL),
(1084, 21, 87, 4, 1, '2021-07-07', NULL, '12:53:48', NULL),
(1085, 21, 88, 2, 1, '2021-07-07', NULL, '12:53:48', NULL),
(1086, 21, 89, 2, 1, '2021-07-07', NULL, '12:53:48', NULL),
(1087, 21, 90, 4, 1, '2021-07-07', NULL, '12:53:48', NULL),
(1088, 21, 91, 2, 1, '2021-07-07', NULL, '12:53:48', NULL),
(1089, 21, 92, 1, 1, '2021-07-07', NULL, '12:53:48', NULL),
(1090, 21, 93, 2, 1, '2021-07-07', NULL, '12:53:48', NULL),
(1091, 21, 94, 3, 1, '2021-07-07', NULL, '12:53:48', NULL),
(1092, 21, 95, 1, 1, '2021-07-07', NULL, '12:53:48', NULL),
(1093, 21, 96, 3, 1, '2021-07-07', NULL, '12:53:48', NULL),
(1094, 21, 97, 4, 1, '2021-07-07', NULL, '12:53:48', NULL),
(1095, 23, 1, 3, 1, '2021-07-07', NULL, '13:53:47', NULL),
(1096, 23, 2, 3, 1, '2021-07-07', NULL, '13:53:47', NULL),
(1097, 23, 3, 2, 1, '2021-07-07', NULL, '13:53:47', NULL),
(1098, 23, 4, 3, 1, '2021-07-07', NULL, '13:53:47', NULL),
(1099, 23, 5, 3, 1, '2021-07-07', NULL, '13:53:47', NULL),
(1100, 23, 6, 4, 1, '2021-07-07', NULL, '13:53:47', NULL),
(1101, 23, 7, 3, 1, '2021-07-07', NULL, '13:53:47', NULL),
(1102, 23, 8, 4, 1, '2021-07-07', NULL, '13:53:47', NULL),
(1103, 23, 9, 3, 1, '2021-07-07', NULL, '13:53:47', NULL),
(1104, 23, 10, 2, 1, '2021-07-07', NULL, '13:53:47', NULL),
(1105, 23, 11, 3, 1, '2021-07-07', NULL, '13:53:47', NULL),
(1106, 23, 12, 4, 1, '2021-07-07', NULL, '13:53:47', NULL),
(1107, 23, 13, 2, 1, '2021-07-07', NULL, '13:53:47', NULL),
(1108, 23, 14, 3, 1, '2021-07-07', NULL, '13:53:47', NULL),
(1109, 23, 15, 3, 1, '2021-07-07', NULL, '13:53:47', NULL),
(1110, 23, 16, 2, 1, '2021-07-07', NULL, '13:53:47', NULL),
(1111, 23, 17, 3, 1, '2021-07-07', NULL, '13:53:47', NULL),
(1112, 23, 18, 2, 1, '2021-07-07', NULL, '13:53:47', NULL),
(1113, 23, 19, 3, 1, '2021-07-07', NULL, '13:53:47', NULL),
(1114, 23, 20, 2, 1, '2021-07-07', NULL, '13:53:47', NULL),
(1115, 23, 21, 4, 1, '2021-07-07', NULL, '13:53:47', NULL),
(1116, 23, 22, 3, 1, '2021-07-07', NULL, '13:53:47', NULL),
(1117, 23, 23, 3, 1, '2021-07-07', NULL, '13:53:47', NULL),
(1118, 23, 24, 4, 1, '2021-07-07', NULL, '13:53:47', NULL),
(1119, 23, 25, 3, 1, '2021-07-07', NULL, '13:53:47', NULL),
(1120, 23, 26, 3, 1, '2021-07-07', NULL, '13:53:47', NULL),
(1121, 23, 27, 3, 1, '2021-07-07', NULL, '13:53:47', NULL),
(1122, 23, 28, 4, 1, '2021-07-07', NULL, '13:53:47', NULL),
(1123, 23, 29, 3, 1, '2021-07-07', NULL, '13:53:47', NULL),
(1124, 23, 30, 4, 1, '2021-07-07', NULL, '13:53:47', NULL);

-- --------------------------------------------------------

--
-- Table structure for table `t_aspek`
--

CREATE TABLE `t_aspek` (
  `id` int(11) NOT NULL,
  `idpart` int(11) NOT NULL,
  `nama` varchar(255) NOT NULL,
  `status` enum('aktif','nonaktif','hapus') NOT NULL DEFAULT 'aktif',
  `date_created` date DEFAULT NULL,
  `date_updated` date DEFAULT NULL,
  `time_created` time DEFAULT NULL,
  `time_updated` time DEFAULT NULL
) ENGINE=InnoDB DEFAULT CHARSET=utf8mb4;

--
-- Dumping data for table `t_aspek`
--

INSERT INTO `t_aspek` (`id`, `idpart`, `nama`, `status`, `date_created`, `date_updated`, `time_created`, `time_updated`) VALUES
(1, 1, 'Keyakinan bahwa kecerdasan, bakat, dan kemampuan individu dapat dikembangkan dengan cara belajar dan bekerja keras seiring berjalannya waktu', 'aktif', NULL, NULL, NULL, NULL),
(2, 2, 'Honesty', 'aktif', NULL, NULL, NULL, NULL),
(3, 2, 'Fairness', 'aktif', NULL, NULL, NULL, NULL),
(4, 2, 'Trust', 'aktif', NULL, NULL, NULL, NULL),
(5, 2, 'Respect', 'aktif', NULL, NULL, NULL, NULL),
(6, 2, 'Responsibility', 'aktif', NULL, NULL, NULL, NULL),
(7, 3, 'Inquisitiveness', 'aktif', NULL, NULL, NULL, NULL),
(8, 3, 'Open-Mindness', 'aktif', NULL, NULL, NULL, NULL),
(9, 3, 'Systematicity', 'aktif', NULL, NULL, NULL, NULL),
(10, 3, 'Analiticity', 'aktif', NULL, NULL, NULL, NULL),
(11, 3, 'Truth-seeking', 'aktif', NULL, NULL, NULL, NULL),
(12, 3, 'CT Self-Confidence', 'aktif', NULL, NULL, NULL, NULL),
(13, 3, 'Maturity', 'aktif', NULL, NULL, NULL, NULL),
(14, 4, 'Self  efficacy', 'aktif', NULL, NULL, NULL, NULL),
(15, 4, 'Planning', 'aktif', NULL, NULL, NULL, NULL),
(16, 4, 'Persistence', 'aktif', NULL, NULL, NULL, NULL),
(17, 4, 'Composure/Low Anxiety', 'aktif', NULL, NULL, NULL, NULL),
(18, 4, 'Control', 'aktif', NULL, NULL, NULL, NULL),
(19, 5, 'Extraversion', 'aktif', NULL, NULL, NULL, NULL),
(20, 5, 'Agreeableness', 'aktif', NULL, NULL, NULL, NULL),
(21, 5, 'Conscientiousness', 'aktif', NULL, NULL, NULL, NULL),
(22, 5, 'Neuroticism', 'aktif', NULL, NULL, NULL, NULL),
(23, 5, 'Openness', 'aktif', NULL, NULL, NULL, NULL),
(24, 1, 'Test Update Aspek Lagi', 'aktif', '2021-06-21', '2021-06-21', '12:57:45', '13:31:51'),
(25, 1, 'Test Insert Aspek', 'aktif', '2021-06-21', NULL, '12:59:16', NULL),
(26, 1, 'Test Insert Aspek', 'aktif', '2021-06-21', NULL, '13:01:28', NULL),
(27, 1, 'Test Insert Aspek', 'aktif', '2021-06-21', NULL, '13:03:00', NULL),
(28, 1, 'Test Update Aspek Lagi', 'aktif', '2021-06-21', '2021-06-21', '13:20:01', '13:56:32'),
(29, 1, 'Test Insert Aspek', 'hapus', '2021-06-21', NULL, '13:21:00', NULL),
(30, 1, 'Test Insert Aspek', 'hapus', '2021-06-21', NULL, '13:21:27', NULL),
(31, 1, 'Test Aspek FE', 'aktif', '2021-06-21', NULL, '14:18:46', NULL),
(32, 1, 'Input FE', 'aktif', '2021-06-21', NULL, '14:21:14', NULL),
(33, 1, 'Test Lagi FE', 'aktif', '2021-06-21', NULL, '14:22:19', NULL),
(34, 1, 'Aspek Fe', 'aktif', '2021-06-21', NULL, '14:25:23', NULL),
(35, 1, 'Aspek Frontend', 'hapus', '2021-06-21', NULL, '14:28:03', NULL),
(36, 1, 'Insert agi', 'hapus', '2021-06-21', NULL, '14:31:39', NULL),
(37, 1, 'lagi lagi laig', 'hapus', '2021-06-21', NULL, '14:34:30', NULL),
(38, 1, 'Test update', 'hapus', '2021-06-21', '2021-06-21', '20:07:45', '21:10:11');

-- --------------------------------------------------------

--
-- Table structure for table `t_kesimpulan`
--

CREATE TABLE `t_kesimpulan` (
  `id` int(11) NOT NULL,
  `idacara` int(11) NOT NULL,
  `idpsikolog` int(11) NOT NULL,
  `idmahasiswa` int(11) NOT NULL,
  `kesimpulan` longtext NOT NULL,
  `status` enum('aktif','hapus') NOT NULL DEFAULT 'aktif',
  `date_created` date DEFAULT NULL,
  `date_updated` date DEFAULT NULL,
  `time_created` time DEFAULT NULL,
  `time_updated` time DEFAULT NULL
) ENGINE=InnoDB DEFAULT CHARSET=utf8mb4;

--
-- Dumping data for table `t_kesimpulan`
--

INSERT INTO `t_kesimpulan` (`id`, `idacara`, `idpsikolog`, `idmahasiswa`, `kesimpulan`, `status`, `date_created`, `date_updated`, `time_created`, `time_updated`) VALUES
(1, 1, 8, 20, 'test kesimpulan edit dino acara 1', 'aktif', '2021-06-23', '2021-06-24', '20:41:58', '13:52:32'),
(2, 1, 8, 2, 'test edit kesimpulan firly acara 1', 'aktif', '2021-06-24', '2021-06-24', '13:59:10', '13:59:35');

-- --------------------------------------------------------

--
-- Table structure for table `t_kesimpulan_prodi`
--

CREATE TABLE `t_kesimpulan_prodi` (
  `id` int(11) NOT NULL,
  `idacara` int(11) NOT NULL,
  `idpsikolog` int(11) NOT NULL,
  `fakultas` varchar(255) NOT NULL,
  `prodi` varchar(255) NOT NULL,
  `kesimpulan` longtext NOT NULL,
  `status` enum('aktif','hapus') NOT NULL DEFAULT 'aktif',
  `date_created` date DEFAULT NULL,
  `date_updated` date DEFAULT NULL,
  `time_created` time DEFAULT NULL,
  `time_updated` time DEFAULT NULL
) ENGINE=InnoDB DEFAULT CHARSET=utf8mb4;

--
-- Dumping data for table `t_kesimpulan_prodi`
--

INSERT INTO `t_kesimpulan_prodi` (`id`, `idacara`, `idpsikolog`, `fakultas`, `prodi`, `kesimpulan`, `status`, `date_created`, `date_updated`, `time_created`, `time_updated`) VALUES
(1, 1, 8, 'EKONOMI', 'AKUNTANSI (S1 KAMPUS PALEMBANG)', 'test edit lagi kesimpulan prodi akuntasi kelas palembang', 'aktif', '2021-06-24', '2021-06-25', '22:28:53', '06:40:16');

-- --------------------------------------------------------

--
-- Table structure for table `t_part`
--

CREATE TABLE `t_part` (
  `id` int(11) NOT NULL,
  `nama` varchar(255) NOT NULL,
  `status` enum('aktif','nonaktif','hapus') NOT NULL DEFAULT 'aktif',
  `date_created` date DEFAULT NULL,
  `date_updated` date DEFAULT NULL,
  `time_created` time DEFAULT NULL,
  `time_updated` time DEFAULT NULL
) ENGINE=InnoDB DEFAULT CHARSET=utf8mb4;

--
-- Dumping data for table `t_part`
--

INSERT INTO `t_part` (`id`, `nama`, `status`, `date_created`, `date_updated`, `time_created`, `time_updated`) VALUES
(1, 'Part 1', 'aktif', NULL, NULL, NULL, NULL),
(2, 'Part 2', 'aktif', NULL, NULL, NULL, NULL),
(3, 'Part 3', 'aktif', '2021-06-20', NULL, '18:49:47', NULL),
(4, 'Part 4', 'aktif', '2021-06-20', NULL, '18:50:02', NULL),
(5, 'Part 5', 'aktif', '2021-06-20', NULL, '18:50:06', NULL),
(6, 'Part Test Ubah', 'aktif', '2021-06-20', '2021-06-20', '18:50:11', '19:28:57'),
(7, 'Part Test 2 Ubah', 'hapus', '2021-06-20', '2021-06-20', '19:19:55', '19:28:52');

-- --------------------------------------------------------

--
-- Table structure for table `t_partisipant`
--

CREATE TABLE `t_partisipant` (
  `id` int(11) NOT NULL,
  `iduser` int(11) NOT NULL,
  `idacara` int(11) NOT NULL,
  `date_created` date DEFAULT NULL,
  `date_updated` date DEFAULT NULL,
  `time_created` time DEFAULT NULL,
  `time_updated` time DEFAULT NULL
) ENGINE=InnoDB DEFAULT CHARSET=utf8mb4;

--
-- Dumping data for table `t_partisipant`
--

INSERT INTO `t_partisipant` (`id`, `iduser`, `idacara`, `date_created`, `date_updated`, `time_created`, `time_updated`) VALUES
(1, 12, 1, NULL, NULL, NULL, NULL),
(2, 13, 1, NULL, NULL, NULL, NULL),
(3, 16, 2, NULL, NULL, NULL, NULL),
(4, 17, 2, NULL, NULL, NULL, NULL),
(10, 14, 1, '2021-06-20', NULL, '12:33:05', NULL);

-- --------------------------------------------------------

--
-- Table structure for table `t_soal`
--

CREATE TABLE `t_soal` (
  `id` int(11) NOT NULL,
  `soal` longtext NOT NULL,
  `idpart` int(11) NOT NULL,
  `idaspek` int(11) NOT NULL,
  `tipe` enum('f','u') NOT NULL DEFAULT 'f',
  `skormax` enum('4','7') NOT NULL DEFAULT '4',
  `status` enum('aktif','nonaktif','hapus') NOT NULL DEFAULT 'aktif',
  `date_created` date DEFAULT NULL,
  `date_updated` date DEFAULT NULL,
  `time_created` time DEFAULT NULL,
  `time_updated` time DEFAULT NULL
) ENGINE=InnoDB DEFAULT CHARSET=utf8mb4;

--
-- Dumping data for table `t_soal`
--

INSERT INTO `t_soal` (`id`, `soal`, `idpart`, `idaspek`, `tipe`, `skormax`, `status`, `date_created`, `date_updated`, `time_created`, `time_updated`) VALUES
(1, 'Saya yakin bakat dapat dikembangkan jika mau berusaha', 1, 1, 'f', '4', 'aktif', NULL, NULL, NULL, NULL),
(2, 'Saya mengambil pelajaran dari kegagalan yang terjadi sebelumnya', 1, 1, 'f', '4', 'aktif', NULL, NULL, NULL, NULL),
(3, 'Kecerdasan tidak akan berkembang jika hanya mengerjakan persoalan yang mudah', 1, 1, 'f', '4', 'aktif', NULL, NULL, NULL, NULL),
(4, 'Menurut saya, usaha yang saya berikan masih belum cukup untuk mencapai apa yang saya inginkan', 1, 1, 'f', '4', 'aktif', NULL, NULL, NULL, NULL),
(5, 'Kecerdasan dapat diasah dengan bekerja keras sepanjang waktu', 1, 1, 'f', '4', 'aktif', NULL, NULL, NULL, NULL),
(6, 'Bakat dapat berkembang secara signifikan jika mau berusaha lebih keras', 1, 1, 'f', '4', 'aktif', NULL, NULL, NULL, NULL),
(7, 'Mengembangkan kemampuan tidak dapat dilakukan secara instant', 1, 1, 'f', '4', 'aktif', NULL, NULL, NULL, NULL),
(8, 'Saya akan terus belajar untuk menjadi versi terbaik dari diri saya', 1, 1, 'f', '4', 'aktif', NULL, NULL, NULL, NULL),
(9, 'Tugas yang sulit akan memberikan lebih banyak pelajaran dibandingkan tugas yang sederhana', 1, 1, 'f', '4', 'aktif', NULL, NULL, NULL, NULL),
(10, 'Faktor terpenting untuk mencapai kemampuan tertentu adalah usaha yang keras', 1, 1, 'f', '4', 'aktif', NULL, NULL, NULL, NULL),
(11, 'Saya memerlukan pelajaran tambahan untuk mengembangkan bakat yang saya miliki', 1, 1, 'f', '4', 'aktif', NULL, NULL, NULL, NULL),
(12, 'Durasi pengerjaan tugas tidak dapat menentukan kecerdasan seseorang', 1, 1, 'f', '4', 'aktif', NULL, NULL, NULL, NULL),
(13, 'Berharap akan suatu pencapaian tanpa melakukan usaha adalah hal yang sia  sia', 1, 1, 'f', '4', 'aktif', NULL, NULL, NULL, NULL),
(14, 'Bakat merupakan hal yang perlu dikembangkan', 1, 1, 'f', '4', 'aktif', NULL, NULL, NULL, NULL),
(15, 'Saya berkomitmen untuk terus mengembangkan bakat saya menjadi lebih baik', 1, 1, 'f', '4', 'aktif', NULL, NULL, NULL, NULL),
(16, 'Kesuksesan adalah ketika saya dapat menjadi pribadi yang lebih baik', 1, 1, 'f', '4', 'aktif', NULL, NULL, NULL, NULL),
(17, 'Saya menyadari kecerdasan saya akan berkembang ketika dapat melakukan apa yang tidak bisa dilakukan sebelumnya', 1, 1, 'f', '4', 'aktif', NULL, NULL, NULL, NULL),
(18, 'Saya akan menjadi cerdas jika mau belajar dari kesuksesan orang lain', 1, 1, 'f', '4', 'aktif', NULL, NULL, NULL, NULL),
(19, 'Saya suka mempelajari hal baru untuk mengembangkan diri saya', 1, 1, 'f', '4', 'aktif', NULL, NULL, NULL, NULL),
(20, 'Menyerah tidak akan memberikan manfaat', 1, 1, 'f', '4', 'aktif', NULL, NULL, NULL, NULL),
(21, 'Suatu hasil tidak akan maksimal tanpa diiringi dengan proses yang baik', 1, 1, 'f', '4', 'aktif', NULL, NULL, NULL, NULL),
(22, 'Saya yakin belajar dapat memberi manfaat untuk menambah kemampuan saya', 1, 1, 'f', '4', 'aktif', NULL, NULL, NULL, NULL),
(23, 'Kerja keras akan membawa peluang untuk pengembangan diri', 1, 1, 'f', '4', 'aktif', NULL, NULL, NULL, NULL),
(24, 'Saya yakin dengan kerja keras dapat membawa perubahan pada bakat saya', 1, 1, 'f', '4', 'aktif', NULL, NULL, NULL, NULL),
(25, 'Prestasi tidak didapat berdasarkan bakat alami', 1, 1, 'f', '4', 'aktif', NULL, NULL, NULL, NULL),
(26, 'Setiap orang memiliki potensi masing  masing yang perlu dikembangkan', 1, 1, 'f', '4', 'aktif', NULL, NULL, NULL, NULL),
(27, 'Kecerdasan saya akan berkembang seiring berjalannya waktu', 1, 1, 'f', '4', 'aktif', NULL, NULL, NULL, NULL),
(28, 'Pengalaman tidak menyenangkan merupakan proses dalam menemukan jati diri saya', 1, 1, 'f', '4', 'aktif', NULL, NULL, NULL, NULL),
(29, 'Semakin banyak yang dipelajari, maka saya akan semakin mampu mengatasi permasalahan saya', 1, 1, 'f', '4', 'aktif', NULL, NULL, NULL, NULL),
(30, 'Saya bisa belajar dari semua kejadian yang pernah saya alami', 1, 1, 'f', '4', 'aktif', NULL, NULL, NULL, NULL),
(31, 'Kejujuran melatih kita untuk percaya pada kemampuan yang dimiliki', 2, 2, 'f', '4', 'aktif', NULL, NULL, NULL, NULL),
(32, 'Saya merasa yakin jika saya bisa mengerjakan tugas dengan sangat baik  ', 2, 4, 'f', '4', 'aktif', NULL, NULL, NULL, NULL),
(33, 'Mendapatkan beasiswa sama halnya mempunyai tanggungjawab untuk mengabdi pada bangsa', 2, 6, 'f', '4', 'aktif', NULL, NULL, NULL, NULL),
(34, 'Bagi saya bersikap jujur itu dimulai dari diri sendiri', 2, 2, 'f', '4', 'aktif', NULL, NULL, NULL, NULL),
(35, 'Originalitas ide adalah hal penting yang harus dimiliki ketika menulis', 2, 2, 'f', '4', 'aktif', NULL, NULL, NULL, NULL),
(36, 'Saya senang ketika ada teman menanyakan ide saya dalam mengerjakan tugas perkuliahan', 2, 3, 'f', '4', 'aktif', NULL, NULL, NULL, NULL),
(37, 'Saya senang membahas tugas-tugas perkuliahan bersama teman', 2, 4, 'f', '4', 'aktif', NULL, NULL, NULL, NULL),
(38, 'Semua mahasiswa mempunyai kesempatan yang sama untuk ikut terlibat dalam kegiatan kampus', 2, 5, 'f', '4', 'aktif', NULL, NULL, NULL, NULL),
(39, 'Saya yakin bahwa setiap pekerjaan yang dilakukan dengan jujur hasilnya akan memuaskan', 2, 2, 'f', '4', 'aktif', NULL, NULL, NULL, NULL),
(40, 'Saya sangat menghargai teman yang mengerjakan tugas dengan kemampuannya sendiri', 2, 2, 'f', '4', 'aktif', NULL, NULL, NULL, NULL),
(41, 'Bagi saya mempersiapkan materi sebelum perkuliahan adalah hal yang wajar', 2, 4, 'f', '4', 'aktif', NULL, NULL, NULL, NULL),
(42, 'Evaluasi akademik yang rutin sangat penting dalam proses pembelajaran', 2, 5, 'f', '4', 'aktif', NULL, NULL, NULL, NULL),
(43, 'Saya merasa citra baik kampus adalah tanggung jawab bersama', 2, 6, 'f', '4', 'aktif', NULL, NULL, NULL, NULL),
(44, 'Menurut saya melakukan perubahan yang baik di kampus merupakan tanggungjawab bersama', 2, 6, 'f', '4', 'aktif', NULL, NULL, NULL, NULL),
(45, 'Sangat penting menghormati berbagai pendapat ketika diskusi bersama teman saat di kampus', 2, 5, 'f', '4', 'aktif', NULL, NULL, NULL, NULL),
(46, 'Saya senang menyampaikan materi perkuliahan kepada teman saya', 2, 3, 'f', '4', 'aktif', NULL, NULL, NULL, NULL),
(47, 'Saya senang mempelajari hasil-hasil penelitian orang lain', 2, 3, 'f', '4', 'aktif', NULL, NULL, NULL, NULL),
(48, 'Saling mempercayai teman adalah dasar yang kuat dalam menjalin kerjasama di kampus', 2, 5, 'f', '4', 'aktif', NULL, NULL, NULL, NULL),
(49, 'Berani mengambil tindakan terhadap perbuatan setiap orang yang melanggar aturan kampus', 2, 6, 'f', '4', 'aktif', NULL, NULL, NULL, NULL),
(50, 'Salah satu cara untuk menghormati dosen yaitu dengan  menghadiri kelas tepat waktu', 2, 5, 'f', '4', 'aktif', NULL, NULL, NULL, NULL),
(51, 'Saya fokus memperhatikan dosen yang sedang menerangkan materi perkuliahan', 2, 4, 'f', '4', 'aktif', NULL, NULL, NULL, NULL),
(52, 'Saya aktif untuk mengikuti kegiatan akademik di dalam dan di luar kampus', 2, 3, 'f', '4', 'aktif', NULL, NULL, NULL, NULL),
(53, 'Saya senang membahas cara pengutipan sumber referensi yang disampaikan dosen di kelas', 2, 4, 'f', '4', 'aktif', NULL, NULL, NULL, NULL),
(54, 'Saya senang mencari sumber bacaan lainnya sebagai referensi tambahan', 2, 3, 'f', '4', 'aktif', NULL, NULL, NULL, NULL),
(55, 'Bersedia menerima konsekuensi setelah melanggar aturan kampus', 2, 6, 'f', '4', 'aktif', NULL, NULL, NULL, NULL),
(56, 'Setiap perkataan harus dibuktikan kebenarannya', 3, 10, 'f', '4', 'aktif', NULL, NULL, NULL, NULL),
(57, 'Senang mempelajari hal-hal baru diluar minat saya', 3, 7, 'f', '4', 'aktif', NULL, NULL, NULL, NULL),
(58, 'Saya cenderung mengambil keputusan tanpa memikirkan apa yang akan terjadi kedepannya', 3, 13, 'u', '4', 'aktif', NULL, NULL, NULL, NULL),
(59, 'Saat diskusi, saya cenderung menyetujui semua saran yang diberikan dari teman-teman kelompok', 3, 11, 'u', '4', 'aktif', NULL, NULL, NULL, NULL),
(60, 'Kita bisa saja menggunakan pendekatan yang berbeda untuk kondisi berbeda', 3, 13, 'f', '4', 'aktif', NULL, NULL, NULL, NULL),
(61, 'Saya yakin dengan kemampuan yang saya miliki untuk memahami pendapat orang lain', 3, 12, 'f', '4', 'aktif', NULL, NULL, NULL, NULL),
(62, 'Sebelum mulai mengerjakan tugas, saya membuat daftar tugas berdasarkan prioritas', 3, 9, 'f', '4', 'aktif', NULL, NULL, NULL, NULL),
(63, 'Saya bertanggung jawab terhadap keputusan yang telah saya buat', 3, 13, 'f', '4', 'aktif', NULL, NULL, NULL, NULL),
(64, 'Saya merasa bosan saat berdiskusi dengan rekan yang pemikirannya tidak sama dengan saya', 3, 8, 'u', '4', 'aktif', NULL, NULL, NULL, NULL),
(65, 'Saat diskusi berlangsung, saya cenderung bertanya jika masih ada hal yang belum jelas', 3, 11, 'f', '4', 'aktif', NULL, NULL, NULL, NULL),
(66, 'Saya mudah lelah, saat mempelajari suatu hal yang menurut saya tidak terlalu penting untuk saat ini', 3, 7, 'u', '4', 'aktif', NULL, NULL, NULL, NULL),
(67, 'Saya bisa mempercayai berita dari satu sumber informasi', 3, 11, 'u', '4', 'aktif', NULL, NULL, NULL, NULL),
(68, 'Saya tidak terlalu membutuhkan alasan untuk dapat percaya dengan pendapat orang lain', 3, 10, 'u', '4', 'aktif', NULL, NULL, NULL, NULL),
(69, 'Saya dapat membuat keputusan yang baik bila mendengarkan pendapat orang lain terlebih dahulu', 3, 12, 'u', '4', 'aktif', NULL, NULL, NULL, NULL),
(70, 'Saya kurang tertarik dengan topik yang sulit saya pahami', 3, 7, 'u', '4', 'aktif', NULL, NULL, NULL, NULL),
(71, 'Saya yakin dengan pendapat saya walau berbeda dengan rekan yang lain', 3, 12, 'f', '4', 'aktif', NULL, NULL, NULL, NULL),
(72, 'Saya berusaha mencari sumber masalah hingga akarnya.', 3, 11, 'f', '4', 'aktif', NULL, NULL, NULL, NULL),
(73, 'Saya mencari tahu cara mengerjakan tugas dari awal hingga akhir', 3, 9, 'f', '4', 'aktif', NULL, NULL, NULL, NULL),
(74, 'Semua masalah harus dipertimbangan dari berbagai sisi', 3, 13, 'f', '4', 'aktif', NULL, NULL, NULL, NULL),
(75, 'Penting bagi saya untuk memahami pendapat dari orang lain sebelum membuat keputusan', 3, 8, 'f', '4', 'aktif', NULL, NULL, NULL, NULL),
(76, 'Saya membuat target sebelum mengerjakan tugas', 3, 9, 'f', '4', 'aktif', NULL, NULL, NULL, NULL),
(77, 'Saat berdiskusi, saya cenderung menghiraukan pendapat rekan saya', 3, 8, 'u', '4', 'aktif', NULL, NULL, NULL, NULL),
(78, 'Saya cenderung mengerjakan tugas saat waktu pengumpulan sudah dekat', 3, 9, 'u', '4', 'aktif', NULL, NULL, NULL, NULL),
(79, 'Mempertimbangkan terlebih dahulu pendapat rekan yang berbeda.', 3, 8, 'f', '4', 'aktif', NULL, NULL, NULL, NULL),
(80, 'Saya kurang yakin bisa membantu rekan saya dengan kemampuan berpikir yang saya miliki', 3, 12, 'u', '4', 'aktif', NULL, NULL, NULL, NULL),
(81, 'Pengambilan keputusan yang cepat dapat memudahkan saya melakukan kegiatan lainnya', 3, 9, 'u', '4', 'aktif', NULL, NULL, NULL, NULL),
(82, 'Saya tidak membutuhkan penjelasan terlebih dahulu karena percaya dengan pendapat teman', 3, 10, 'u', '4', 'aktif', NULL, NULL, NULL, NULL),
(83, 'Saat ada masalah, saya melibatkan saran dari teman untuk mengambil keputusan', 3, 13, 'u', '4', 'aktif', NULL, NULL, NULL, NULL),
(84, 'Saya cenderung mempelajari materi yang bagi saya penting saja', 3, 7, 'u', '4', 'aktif', NULL, NULL, NULL, NULL),
(85, 'Saya adalah orang dengan kemampuan berpikir logis yang baik', 3, 12, 'f', '4', 'aktif', NULL, NULL, NULL, NULL),
(86, 'Ketika mendengar rumor, saya cenderung mencari sumber informasi yang lebih akurat', 3, 11, 'f', '4', 'aktif', NULL, NULL, NULL, NULL),
(87, 'Mencari tahu lebih lanjut tentang ilmu lain (diluar latar belakang pendidikan)', 3, 7, 'f', '4', 'aktif', NULL, NULL, NULL, NULL),
(88, 'Saya cenderung menghindari orang yang tidak sesuai dengan gaya hidup saya', 3, 8, 'u', '4', 'aktif', NULL, NULL, NULL, NULL),
(89, 'Saya cenderung lebih suka mengungkapkan secara langsung apa yang saya pikirkan daripada memendamnya saja', 3, 13, 'u', '4', 'aktif', NULL, NULL, NULL, NULL),
(90, 'Saya mendengarkan dengan baik pendapat dari rekan saya', 3, 8, 'f', '4', 'aktif', NULL, NULL, NULL, NULL),
(91, 'Ketika mendapatkan informasi, saya langsung mengirimkannya ke kelompok saya', 3, 10, 'u', '4', 'aktif', NULL, NULL, NULL, NULL),
(92, 'Ketika terdapat soal yang sulit, terkadang saya  melihat jawaban teman agar tugas saya cepat selesai', 3, 9, 'u', '4', 'aktif', NULL, NULL, NULL, NULL),
(93, 'Saat sahabat saya sedang mengalami masalah dan sedang menjelaskan situasi, saya cenderung mempercayai semua yang ia katakan', 3, 11, 'u', '4', 'aktif', NULL, NULL, NULL, NULL),
(94, 'Saya cenderung menyelesaikan tugas berdasarkan fakta-fakta yang ada', 3, 10, 'f', '4', 'aktif', NULL, NULL, NULL, NULL),
(95, 'Saya cenderung tidak berani untuk ikut campur, ketika ada masalah dalam kelompok', 3, 12, 'u', '4', 'aktif', NULL, NULL, NULL, NULL),
(96, 'Saya cenderung tertarik untuk mempelajari segala hal, walaupun diluar  jam belajar saya', 3, 7, 'f', '4', 'aktif', NULL, NULL, NULL, NULL),
(97, 'Saya menyiapkan rencana alternatif untuk setiap kondisi sesuai dengan yang saya butuhkan', 3, 10, 'f', '4', 'aktif', NULL, NULL, NULL, NULL),
(98, 'Nilai yang baik dapat saya peroleh karena menguasai materi yang diujikan.', 4, 18, 'f', '4', 'aktif', NULL, NULL, NULL, NULL),
(99, 'Saya memiliki jadwal belajar khusus untuk menghadapi ujian meski dilakukan secara online.', 4, 15, 'f', '4', 'aktif', NULL, NULL, NULL, NULL),
(100, 'Saya takut tugas yang saya kerjakan tidak sesuai dengan keinginan dosen.', 4, 17, 'u', '4', 'aktif', NULL, NULL, NULL, NULL),
(101, 'Saya yakin dapat memperoleh nilai yang memuaskan dengan kemampuan saya sendiri.', 4, 14, 'f', '4', 'aktif', NULL, NULL, NULL, NULL),
(102, 'Saya memiliki target capaian indeks prestasi (IP) yang harus saya capai pada setiap semester.', 4, 15, 'f', '4', 'aktif', NULL, NULL, NULL, NULL),
(103, 'Koneksi internet yang tidak stabil menjadi kekhawatiran saya dalam perkuliahan daring.', 4, 17, 'u', '4', 'aktif', NULL, NULL, NULL, NULL),
(104, 'Saya merasa kesulitan mengerjakan tugas dari dosen selama kuliah daring.', 4, 14, 'u', '4', 'aktif', NULL, NULL, NULL, NULL),
(105, 'Nilai saya meningkat karena bekerja sama dengan teman saat ujian online .', 4, 18, 'f', '4', 'aktif', NULL, NULL, NULL, NULL),
(106, 'Saya bisa mengikuti semua perkuliahan yang diadakan dosen dengan maksimal.', 4, 17, 'f', '4', 'aktif', NULL, NULL, NULL, NULL),
(107, 'Saya mulai panik ketika ujian akan segera dimulai.', 4, 17, 'u', '4', 'aktif', NULL, NULL, NULL, NULL),
(108, 'Saya biasanya membagi waktu antara kehidupan pribadi dan kuliah.', 4, 15, 'f', '4', 'aktif', NULL, NULL, NULL, NULL),
(109, 'Saya berlapang dada menerima berapapun nilai yang saya peroleh karena sudah berusaha.', 4, 17, 'f', '4', 'aktif', NULL, NULL, NULL, NULL),
(110, 'Saya senang berteman dengan orang  orang yang memiliki kemampuan lebih baik daripada saya.', 4, 17, 'f', '4', 'aktif', NULL, NULL, NULL, NULL),
(111, 'Saya selalu siap jika dosen mendadak memberikan kuis.', 4, 14, 'f', '4', 'aktif', NULL, NULL, NULL, NULL),
(112, 'Motivasi belajar saya menurun sehingga  sulit mencerna materi kuliah daring.', 4, 18, 'f', '4', 'aktif', NULL, NULL, NULL, NULL),
(113, 'Ketika bosan mendengarkan dosen sedang presentasi, saya mengerjakan hal lain yang tidak terkait dengan perkuliahan tersebut.', 4, 16, 'u', '4', 'aktif', NULL, NULL, NULL, NULL),
(114, 'Saya banyak salah dalam menjawab soal karena kurang teliti .', 4, 18, 'f', '4', 'aktif', NULL, NULL, NULL, NULL),
(115, 'Seringkali dosen hanya memberikan banyak tugas kepada mahasiswa.', 4, 18, 'u', '4', 'aktif', NULL, NULL, NULL, NULL),
(116, 'Saya merasa tertekan selama kuliah daring karena mendapat banyak tugas dengan deadline yang singkat.', 4, 14, 'u', '4', 'aktif', NULL, NULL, NULL, NULL),
(117, 'Saya mengerjakan tugas ala kadarnya saja.', 4, 16, 'u', '4', 'aktif', NULL, NULL, NULL, NULL),
(118, 'Saya merasa rendah diri saat mendapat kritik dari dosen.', 4, 16, 'u', '4', 'aktif', NULL, NULL, NULL, NULL),
(119, 'Saya izin tidak masuk kelas apabila mood saya tidak baik.', 4, 15, 'u', '4', 'aktif', NULL, NULL, NULL, NULL),
(120, 'Saya akan meminta penjelasan ulang apabila ada materi yang belum saya pahami.', 4, 16, 'f', '4', 'aktif', NULL, NULL, NULL, NULL),
(121, 'Bagi saya tugas yang banyak adalah sebuah tantangan yang harus diselesaikan.', 4, 14, 'f', '4', 'aktif', NULL, NULL, NULL, NULL),
(122, 'Saya baru aktif di media sosial (instagram, twitter, tiktok, dll.) setelah seluruh tugas saya selesai.', 4, 15, 'f', '4', 'aktif', NULL, NULL, NULL, NULL),
(123, 'Saya selalu mengecek secara berulang tugas sebelum dikumpulkan.', 4, 16, 'f', '4', 'aktif', NULL, NULL, NULL, NULL),
(124, 'Pembelajaran daring membuat saya kurang dapat bersosialisasi dengan teman kuliah.', 4, 14, 'u', '4', 'aktif', NULL, NULL, NULL, NULL),
(125, 'Ketika tugas sulit, saya memilih melihat pekerjaan teman ', 4, 16, 'u', '4', 'aktif', NULL, NULL, NULL, NULL),
(126, 'Kondisi ruangan tempat saya melaksanakan ujian online memengaruhi konsentrasi saya.', 4, 18, 'u', '4', 'aktif', NULL, NULL, NULL, NULL),
(127, 'Sistem perkuliahan secara daring tidak akan mempengaruhi nilai saya.', 4, 17, 'f', '4', 'aktif', NULL, NULL, NULL, NULL),
(128, 'Belajar secara daring membuat saya seringkali tidak memahami tugas yang diberikan dosen .', 4, 14, 'u', '4', 'aktif', NULL, NULL, NULL, NULL),
(129, 'Saya tidak berambisi untuk mengejar nilai.', 4, 15, 'u', '4', 'aktif', NULL, NULL, NULL, NULL),
(130, 'Tugas kelompok tidak maksimal karena ada anggota yang sulit dihubungi.', 4, 18, 'u', '4', 'aktif', NULL, NULL, NULL, NULL),
(131, 'Saya khawatir nilai saya lebih kecil dibandingkan teman-teman saya.', 4, 17, 'u', '4', 'aktif', NULL, NULL, NULL, NULL),
(132, 'Saya kurang giat dalam belajar sehingga banyak mejawab soal ujian dengan asal-asalan.', 4, 18, 'f', '4', 'aktif', NULL, NULL, NULL, NULL),
(133, 'Saya puas pada nilai saya untuk semester ini.', 4, 14, 'f', '4', 'aktif', NULL, NULL, NULL, NULL),
(134, 'Tugas yang sulit tidak membuat saya menyerah.', 4, 16, 'f', '4', 'aktif', NULL, NULL, NULL, NULL),
(135, 'Perkuliahan secara daring membuat saya sulit memahami materi.', 4, 18, 'u', '4', 'aktif', NULL, NULL, NULL, NULL),
(136, 'Saya seringkali belajar untuk ujian dengan cara SKS (Sistem Kebut Semalam).', 4, 15, 'u', '4', 'aktif', NULL, NULL, NULL, NULL),
(137, 'Saya merasa khawatir IPK saya tidak memuaskan .', 4, 17, 'u', '4', 'aktif', NULL, NULL, NULL, NULL),
(138, 'Saya masuk ke room meeting kelas hanya untuk memenuhi kewajiban kehadiran.', 4, 15, 'u', '4', 'aktif', NULL, NULL, NULL, NULL),
(139, 'Saya biasanya mengerjakan ujian dengan tenang.', 4, 17, 'f', '4', 'aktif', NULL, NULL, NULL, NULL),
(140, 'Saya tidak yakin bisa mendapatkan nilai yang baik ketika ujian online .', 4, 14, 'u', '4', 'aktif', NULL, NULL, NULL, NULL),
(141, 'Saya merasa malu untuk bertanya mengenai materi yang tidak saya pahami.', 4, 16, 'u', '4', 'aktif', NULL, NULL, NULL, NULL),
(142, 'Manajemen waktu yang baik adalah kunci saya dalam menyelesaikan tugas yang menumpuk.', 4, 18, 'f', '4', 'aktif', NULL, NULL, NULL, NULL),
(143, 'Saya biasanya telah mempelajari terlebih dahulu materi yang akan dibahas di kelas.', 4, 15, 'f', '4', 'aktif', NULL, NULL, NULL, NULL),
(144, 'Saya hanya akan membuat tugas apabila ada yang mengingatkan.', 4, 15, 'u', '4', 'aktif', NULL, NULL, NULL, NULL),
(145, 'Kritik dari dosen membuat saya lebih termotivasi.', 4, 16, 'f', '4', 'aktif', NULL, NULL, NULL, NULL),
(146, 'Saya aktif memberikan pendapat dalam diskusi tugas kelompok.', 4, 14, 'f', '4', 'aktif', NULL, NULL, NULL, NULL),
(147, 'Saya dapat menjaga konsentrasi saat sedang kuliah sehingga dapat mengikuti pembelajaran dengan baik.', 4, 16, 'f', '4', 'aktif', NULL, NULL, NULL, NULL),
(148, 'tidak kehabisan bahan pembicaraan', 5, 19, 'f', '7', 'aktif', NULL, NULL, NULL, NULL),
(149, 'cenderung mencari kesalahan-kesalahan orang lain', 5, 20, 'u', '7', 'aktif', NULL, '2021-06-23', NULL, '08:15:04'),
(150, 'melakukan pekerjaan hingga tuntas', 5, 21, 'f', '7', 'aktif', NULL, NULL, NULL, NULL),
(151, 'mudah murung  ', 5, 22, 'f', '7', 'aktif', NULL, NULL, NULL, NULL),
(152, 'sering dapat ide baru', 5, 23, 'f', '7', 'aktif', NULL, NULL, NULL, NULL),
(153, 'tertutup', 5, 19, 'u', '7', 'aktif', NULL, NULL, NULL, NULL),
(154, 'tidak mementingkan diri sendiri', 5, 20, 'f', '7', 'aktif', NULL, NULL, NULL, NULL),
(155, 'kurang hati-hati', 5, 21, 'u', '7', 'aktif', NULL, NULL, NULL, NULL),
(156, 'dapat mengatasi stres dengan baik', 5, 22, 'u', '7', 'aktif', NULL, NULL, NULL, NULL),
(157, 'suka penasaran dengan banyak hal yang berbeda', 5, 23, 'f', '7', 'aktif', NULL, NULL, NULL, NULL),
(158, 'bersemangat', 5, 19, 'f', '7', 'aktif', NULL, NULL, NULL, NULL),
(159, 'mencari-cari masalah dengan orang lain  ', 5, 20, 'u', '7', 'aktif', NULL, NULL, NULL, NULL),
(160, 'pekerja yang handal', 5, 21, 'f', '7', 'aktif', NULL, NULL, NULL, NULL),
(161, 'mudah merasa tegang', 5, 22, 'f', '7', 'aktif', NULL, NULL, NULL, NULL),
(162, 'pemikir yang cerdas', 5, 23, 'f', '7', 'aktif', NULL, NULL, NULL, NULL),
(163, 'mampu membangkitkan semangat orang lain', 5, 19, 'f', '7', 'aktif', NULL, NULL, NULL, NULL),
(164, 'mempunyai sifat pemaaf', 5, 20, 'f', '7', 'aktif', NULL, NULL, NULL, NULL),
(165, 'cenderung tidak teratur', 5, 21, 'u', '7', 'aktif', NULL, NULL, NULL, NULL),
(166, 'sering merasa khawatir', 5, 22, 'f', '7', 'aktif', NULL, NULL, NULL, NULL),
(167, 'memiliki imajinasi aktif', 5, 23, 'f', '7', 'aktif', NULL, NULL, NULL, NULL),
(168, 'cenderung pendiam', 5, 19, 'u', '7', 'aktif', NULL, NULL, NULL, NULL),
(169, 'secara umum dapat dipercaya', 5, 20, 'f', '7', 'aktif', NULL, NULL, NULL, NULL),
(170, 'cenderung pemalas', 5, 21, 'u', '7', 'aktif', NULL, NULL, NULL, NULL),
(171, 'stabil secara emosional', 5, 22, 'u', '7', 'aktif', NULL, NULL, NULL, NULL),
(172, 'berdaya cipta', 5, 23, 'f', '7', 'aktif', NULL, NULL, NULL, NULL),
(173, 'suka berterus terang tanpa menyinggung perasaan orang lain', 5, 19, 'f', '7', 'aktif', NULL, NULL, NULL, NULL),
(174, 'dingin, suka menyendiri', 5, 20, 'u', '7', 'aktif', NULL, NULL, NULL, NULL),
(175, 'gigih mengerjakan tugas hingga selesai', 5, 21, 'f', '7', 'aktif', NULL, NULL, NULL, NULL),
(176, 'memiliki suasana hati yang mudah berubah', 5, 22, 'f', '7', 'aktif', NULL, NULL, NULL, NULL),
(177, 'menghargai pengalaman-pengalaman artistik dan estetik', 5, 23, 'f', '7', 'aktif', NULL, NULL, NULL, NULL),
(178, 'terkadang pemalu, canggung', 5, 19, 'u', '7', 'aktif', NULL, NULL, NULL, NULL),
(179, 'suka memberi perhatian dan baik pada hampir setiap orang', 5, 20, 'f', '7', 'aktif', NULL, NULL, NULL, NULL),
(180, 'melakukan sesuatu dengan efisien', 5, 21, 'f', '7', 'aktif', NULL, NULL, NULL, NULL),
(181, 'tetap tenang dalam situasi-situasi yang menegangkan', 5, 22, 'u', '7', 'aktif', NULL, NULL, NULL, NULL),
(182, 'lebih suka melakukan pekerjaan yang bersifat rutin', 5, 23, 'u', '7', 'aktif', NULL, NULL, NULL, NULL),
(183, 'mudah bergaul, supel', 5, 19, 'f', '7', 'aktif', NULL, NULL, NULL, NULL),
(184, 'terkadang kasar terhadap orang lain', 5, 20, 'u', '7', 'aktif', NULL, NULL, NULL, NULL),
(185, 'membuat rencana-rencana dan kemudian melaksanakannya', 5, 21, 'f', '7', 'aktif', NULL, NULL, NULL, NULL),
(186, 'mudah gugup', 5, 22, 'f', '7', 'aktif', NULL, NULL, NULL, NULL),
(187, 'suka merenung, mengutak atik gagasan', 5, 23, 'f', '7', 'aktif', NULL, NULL, NULL, NULL),
(188, 'mempunyai hanya sedikit minat seni dan berkesenian', 5, 23, 'u', '7', 'aktif', NULL, NULL, NULL, NULL),
(189, 'suka bekerja sama dengan orang lain', 5, 20, 'f', '7', 'aktif', NULL, NULL, NULL, NULL),
(190, 'mudah kehilangan fokus', 5, 21, 'u', '7', 'aktif', NULL, NULL, NULL, NULL),
(191, 'hebat dalam seni, musik, atau kesusasteraan', 5, 23, 'f', '7', 'aktif', NULL, NULL, NULL, NULL);

-- --------------------------------------------------------

--
-- Table structure for table `t_user`
--

CREATE TABLE `t_user` (
  `id` int(11) NOT NULL,
  `uemail` varchar(128) DEFAULT NULL,
  `unim` varchar(128) DEFAULT NULL,
  `uname` varchar(128) DEFAULT NULL,
  `unama` varchar(255) NOT NULL,
  `upass` varchar(255) NOT NULL,
  `uphone` varchar(20) DEFAULT NULL,
  `utempat_lahir` varchar(255) DEFAULT NULL,
  `utanggal_lahir` date DEFAULT NULL,
  `utipe` enum('admin','psikolog','mahasiswa','nonaktif') NOT NULL DEFAULT 'mahasiswa',
  `uno_sip` varchar(25) DEFAULT NULL,
  `uno_str` varchar(26) DEFAULT NULL,
  `ufakultas` varchar(255) DEFAULT NULL,
  `uprodi` varchar(255) DEFAULT NULL,
  `ualamat` text DEFAULT NULL,
  `date_created` date DEFAULT NULL,
  `time_created` time DEFAULT NULL,
  `date_updated` date DEFAULT NULL,
  `time_updated` time DEFAULT NULL
) ENGINE=InnoDB DEFAULT CHARSET=latin1;

--
-- Dumping data for table `t_user`
--

INSERT INTO `t_user` (`id`, `uemail`, `unim`, `uname`, `unama`, `upass`, `uphone`, `utempat_lahir`, `utanggal_lahir`, `utipe`, `uno_sip`, `uno_str`, `ufakultas`, `uprodi`, `ualamat`, `date_created`, `time_created`, `date_updated`, `time_updated`) VALUES
(1, NULL, '59081003003', NULL, 'ANDI ADRIANSYAH', '$2b$08$/pW5RwlV8gl4eao7VKU2/O8WNemJMUTxYkHPW0vdyH1OAUzMoLgCC', NULL, NULL, NULL, 'mahasiswa', NULL, NULL, 'FASILKOM', 'SISTEM INFORMASI (BILINGUAL)', NULL, '2021-06-19', '20:41:27', NULL, NULL),
(2, NULL, '59081003000', NULL, 'FIRLY', '$2b$08$utjNn.y5YF7cBTVptFk4I.FN4cC2oSU58lwrDyTaF4qcbDS14wcYi', NULL, NULL, NULL, 'mahasiswa', NULL, NULL, 'FASILKOM', 'SISTEM INFORMASI (BILINGUAL)', NULL, '2021-06-18', '18:27:03', NULL, NULL),
(3, NULL, '09111001003', NULL, 'M. RIDWAN ZALBINA', '$2b$08$B3Am6AyNwkv5eaIUXuNHheSTdKVUvDSz/qSEuE1/hzg0VGUaK88zi', NULL, NULL, NULL, 'mahasiswa', NULL, NULL, 'FASILKOM', 'SISTEM KOMPUTER', NULL, '2021-06-22', '07:53:36', NULL, NULL),
(4, '', NULL, 'q', '', 'q', NULL, NULL, NULL, 'nonaktif', NULL, NULL, NULL, NULL, NULL, NULL, NULL, '2021-06-19', '11:53:51'),
(5, 'w@w.com', NULL, 'w', 'Wee', 'w', '08898765432', 'Palembang', '1990-02-20', 'nonaktif', NULL, NULL, NULL, NULL, 'jalan we', NULL, NULL, '2021-06-19', '19:24:34'),
(6, 'admin2@admin.com', NULL, 'admin2', 'Admin Dua', 'e', '12345678', 'Jakarta', '1990-02-20', 'admin', NULL, NULL, NULL, NULL, 'jalan', NULL, NULL, '2021-06-19', '19:24:02'),
(8, 'admin@admin.com', NULL, 'admin', 'Admin', '$2b$08$.ZhWSzTsclMoAYXGxgeclOUshPdAsa5UH3onuDxmB1WqF/Fxn3H8.', '0887887878787', '', '0000-00-00', 'admin', NULL, NULL, NULL, NULL, '', '2021-06-18', '21:15:21', '2021-06-19', '20:16:29'),
(12, 'amalia@example.com', NULL, 'amaliasal', 'Amalia Salsabil, M.Psi., Psikolog', '$2b$08$7lRwdlAsTG1hQrdmMhoOm.5o87rC99apadECBntpl.ugVFvxCVvw.', '085952811487', 'Cirebon', '0000-00-00', 'psikolog', NULL, NULL, NULL, NULL, 'Cirebon', '2021-06-19', '20:24:11', NULL, NULL),
(13, 'citrasabrina@example.com', NULL, 'citra', 'Citra Sabrina, M.Psi., Psikolog', '$2b$08$MEzVDu.UoF38o.b46i7Td.DefuFrQ8quKyrgYuCzCmQQ5EuRCs9UK', '0876767676', 'Cirebon', '0000-00-00', 'psikolog', NULL, NULL, NULL, NULL, 'Cirebon ', '2021-06-19', '20:29:15', NULL, NULL),
(14, 'pustika@example.com', NULL, 'pustika', 'Pustika Rucita, B.A., M.Psi., Psikolog', '$2b$08$XrMV3wPL/QUWCkhK9F8uXuWhR1bIOZL4I1pnDaNnPZ5xfq6drRzIK', '087654656565', 'Jakarta', '1981-01-23', 'psikolog', NULL, NULL, NULL, NULL, 'Jakarta', '2021-06-19', '20:30:45', NULL, NULL),
(15, 'andinorma@example.com', NULL, 'andinorma', 'Andi Normadiansyah, M.Psi., Psikolog., C.Ht', '$2b$08$StKKlJoofTHYf05KUM0BQubFl.oSqaIVEN16LSh9vLPIbfp7f25mO', '08712345678', 'Gresik', '0000-00-00', 'psikolog', NULL, NULL, NULL, NULL, 'Jalan Gresik', '2021-06-19', '20:32:08', NULL, NULL),
(16, 'cindy2@example.com', NULL, 'cindy2', 'Cindy Dwi Utami, S.Psi., M.Psi', '$2b$08$Oka3M6yEmPboQ7aN7jkFkuuLJNugE5A3hV.KMiVyQqk5pa8C8i6fK', '08121314151617', 'Jakarta', '0000-00-00', 'psikolog', NULL, NULL, NULL, NULL, 'Jakarta Selatan', '2021-06-19', '20:33:20', NULL, NULL),
(17, 'hilman@example.com', NULL, 'hilmanal', 'Hilman Al Madani, M.Psi., Psi', '$2b$08$JNWoYtOkTOFLop5.mdr5AeoiT1UgElkA5l6Rce7gdpjKpzuus8Hgu', '082276544567', 'Jakarta', '0000-00-00', 'psikolog', NULL, NULL, NULL, NULL, 'Jakarta Selatan', '2021-06-19', '20:40:44', NULL, NULL),
(20, NULL, '51081003162', NULL, 'DINO AKBAR', '$2b$08$zMuS8AcLBEsFE5Xf3pzG1OzcK9rxcUX7KVgGTA1LRcYyvahlbL17a', NULL, NULL, NULL, 'mahasiswa', NULL, NULL, 'EKONOMI', 'AKUNTANSI (S1 KAMPUS PALEMBANG)', NULL, '2021-06-22', '10:08:16', NULL, NULL),
(21, NULL, '59081002057', NULL, 'RADITTYO GELAR P', '$2b$08$3dmvdFg3mRcO8QzNErftZuPPBebMEYFPkoZfzRDBeqseVqhsT0.5e', NULL, NULL, NULL, 'mahasiswa', NULL, NULL, 'FASILKOM', 'TEKNIK INFORMATIKA (BILINGUAL)', NULL, '2021-06-22', '10:23:24', NULL, NULL),
(22, NULL, '53081002091', NULL, 'ALANDRY HERYANTO', '$2b$08$yKEtjv2S2KbMZRzrY7UjNeybelYfItN99DyAtj9Ze6NeG0LQtge7y', NULL, NULL, NULL, 'mahasiswa', NULL, NULL, 'TEKNIK', 'TEKNIK PERTAMBANGAN (S1 KAMPUS PALEMBANG', NULL, '2021-06-24', '15:19:03', NULL, NULL),
(23, NULL, '51081003165', NULL, 'RAUL AKBAR', '$2b$08$yO3cr92k9zhVZkGp6bynHOBKfAX4bddTC0whhmIRjdKaaZ0QH35nm', NULL, NULL, NULL, 'mahasiswa', NULL, NULL, 'EKONOMI', 'AKUNTANSI (S1 KAMPUS PALEMBANG)', NULL, '2021-06-24', '15:22:00', NULL, NULL),
(24, NULL, '59081003004', NULL, 'FIRLY ARIE AZLAND', '$2b$08$2qoXQUszWu3Yz7qyzRiz5uG3LsbUZENH8ewhn3AtB2gwe7BvCSM1e', NULL, NULL, NULL, 'mahasiswa', NULL, NULL, 'FASILKOM', 'SISTEM INFORMASI (BILINGUAL)', NULL, '2021-07-01', '18:27:32', NULL, NULL);

-- --------------------------------------------------------

--
-- Stand-in structure for view `view_total_skor_mhs`
-- (See below for the actual view)
--
CREATE TABLE `view_total_skor_mhs` (
`idmahasiswa` int(11)
,`nim` varchar(128)
,`fakultas` varchar(255)
,`prodi` varchar(255)
,`idpart` int(11)
,`part` varchar(255)
,`aspek` varchar(255)
,`skor` decimal(32,0)
);

-- --------------------------------------------------------

--
-- Stand-in structure for view `view_total_skor_mhs_acara`
-- (See below for the actual view)
--
CREATE TABLE `view_total_skor_mhs_acara` (
`idacara` int(11)
,`acara` varchar(255)
,`idmahasiswa` int(11)
,`nim` varchar(128)
,`mahasiswa` varchar(255)
,`fakultas` varchar(255)
,`prodi` varchar(255)
,`idpart` int(11)
,`part` varchar(255)
,`idaspek` int(11)
,`aspek` varchar(255)
,`skor` decimal(32,0)
);

-- --------------------------------------------------------

--
-- Structure for view `view_total_skor_mhs`
--
DROP TABLE IF EXISTS `view_total_skor_mhs`;

CREATE ALGORITHM=UNDEFINED DEFINER=`root`@`localhost` SQL SECURITY DEFINER VIEW `view_total_skor_mhs`  AS  select `t_user`.`id` AS `idmahasiswa`,`t_user`.`unim` AS `nim`,`t_user`.`ufakultas` AS `fakultas`,`t_user`.`uprodi` AS `prodi`,`t_part`.`id` AS `idpart`,`t_part`.`nama` AS `part`,`t_aspek`.`nama` AS `aspek`,sum(`t_answer`.`jawab`) AS `skor` from ((((`t_answer` join `t_user` on(`t_answer`.`iduser` = `t_user`.`id`)) join `t_soal` on(`t_answer`.`idsoal` = `t_soal`.`id`)) join `t_part` on(`t_soal`.`idpart` = `t_part`.`id`)) join `t_aspek` on(`t_soal`.`idaspek` = `t_aspek`.`id`)) group by `t_user`.`unim`,`t_soal`.`idpart`,`t_soal`.`idaspek` ;

-- --------------------------------------------------------

--
-- Structure for view `view_total_skor_mhs_acara`
--
DROP TABLE IF EXISTS `view_total_skor_mhs_acara`;

CREATE ALGORITHM=UNDEFINED DEFINER=`root`@`localhost` SQL SECURITY DEFINER VIEW `view_total_skor_mhs_acara`  AS  select `t_acara`.`id` AS `idacara`,`t_acara`.`nama` AS `acara`,`t_user`.`id` AS `idmahasiswa`,`t_user`.`unim` AS `nim`,`t_user`.`unama` AS `mahasiswa`,`t_user`.`ufakultas` AS `fakultas`,`t_user`.`uprodi` AS `prodi`,`t_part`.`id` AS `idpart`,`t_part`.`nama` AS `part`,`t_aspek`.`id` AS `idaspek`,`t_aspek`.`nama` AS `aspek`,sum(`t_answer`.`jawab`) AS `skor` from (((((`t_answer` join `t_acara` on(`t_answer`.`idacara` = `t_acara`.`id`)) join `t_user` on(`t_answer`.`iduser` = `t_user`.`id`)) join `t_soal` on(`t_answer`.`idsoal` = `t_soal`.`id`)) join `t_part` on(`t_soal`.`idpart` = `t_part`.`id`)) join `t_aspek` on(`t_soal`.`idaspek` = `t_aspek`.`id`)) group by `t_user`.`unim`,`t_soal`.`idpart`,`t_soal`.`idaspek` ;

--
-- Indexes for dumped tables
--

--
-- Indexes for table `t_acara`
--
ALTER TABLE `t_acara`
  ADD PRIMARY KEY (`id`);

--
-- Indexes for table `t_answer`
--
ALTER TABLE `t_answer`
  ADD PRIMARY KEY (`id`);

--
-- Indexes for table `t_aspek`
--
ALTER TABLE `t_aspek`
  ADD PRIMARY KEY (`id`);

--
-- Indexes for table `t_kesimpulan`
--
ALTER TABLE `t_kesimpulan`
  ADD PRIMARY KEY (`id`);

--
-- Indexes for table `t_kesimpulan_prodi`
--
ALTER TABLE `t_kesimpulan_prodi`
  ADD PRIMARY KEY (`id`);

--
-- Indexes for table `t_part`
--
ALTER TABLE `t_part`
  ADD PRIMARY KEY (`id`);

--
-- Indexes for table `t_partisipant`
--
ALTER TABLE `t_partisipant`
  ADD PRIMARY KEY (`id`);

--
-- Indexes for table `t_soal`
--
ALTER TABLE `t_soal`
  ADD PRIMARY KEY (`id`);

--
-- Indexes for table `t_user`
--
ALTER TABLE `t_user`
  ADD PRIMARY KEY (`id`) USING BTREE;

--
-- AUTO_INCREMENT for dumped tables
--

--
-- AUTO_INCREMENT for table `t_acara`
--
ALTER TABLE `t_acara`
  MODIFY `id` int(11) NOT NULL AUTO_INCREMENT, AUTO_INCREMENT=5;

--
-- AUTO_INCREMENT for table `t_answer`
--
ALTER TABLE `t_answer`
  MODIFY `id` int(11) NOT NULL AUTO_INCREMENT, AUTO_INCREMENT=1125;

--
-- AUTO_INCREMENT for table `t_aspek`
--
ALTER TABLE `t_aspek`
  MODIFY `id` int(11) NOT NULL AUTO_INCREMENT, AUTO_INCREMENT=39;

--
-- AUTO_INCREMENT for table `t_kesimpulan`
--
ALTER TABLE `t_kesimpulan`
  MODIFY `id` int(11) NOT NULL AUTO_INCREMENT, AUTO_INCREMENT=3;

--
-- AUTO_INCREMENT for table `t_kesimpulan_prodi`
--
ALTER TABLE `t_kesimpulan_prodi`
  MODIFY `id` int(11) NOT NULL AUTO_INCREMENT, AUTO_INCREMENT=2;

--
-- AUTO_INCREMENT for table `t_part`
--
ALTER TABLE `t_part`
  MODIFY `id` int(11) NOT NULL AUTO_INCREMENT, AUTO_INCREMENT=8;

--
-- AUTO_INCREMENT for table `t_partisipant`
--
ALTER TABLE `t_partisipant`
  MODIFY `id` int(11) NOT NULL AUTO_INCREMENT, AUTO_INCREMENT=14;

--
-- AUTO_INCREMENT for table `t_soal`
--
ALTER TABLE `t_soal`
  MODIFY `id` int(11) NOT NULL AUTO_INCREMENT, AUTO_INCREMENT=192;

--
-- AUTO_INCREMENT for table `t_user`
--
ALTER TABLE `t_user`
  MODIFY `id` int(11) NOT NULL AUTO_INCREMENT, AUTO_INCREMENT=25;
COMMIT;

/*!40101 SET CHARACTER_SET_CLIENT=@OLD_CHARACTER_SET_CLIENT */;
/*!40101 SET CHARACTER_SET_RESULTS=@OLD_CHARACTER_SET_RESULTS */;
/*!40101 SET COLLATION_CONNECTION=@OLD_COLLATION_CONNECTION */;
